X,Y,track_seg_point_id,ele,time,magvar
4.475182,51.918407,0,1.4,2018/05/31 08:42:11+00,
4.475182,51.918407,1,1.4,2018/05/31 08:42:30+00,
4.47505,51.918561,2,1.8,2018/05/31 08:43:37+00,
4.474974,51.91859,3,1.9,2018/05/31 08:43:39+00,
4.474725,51.9186,4,2.2,2018/05/31 09:01:14+00,
4.474684,51.918617,5,2.2,2018/05/31 09:01:16+00,
4.474653,51.918623,6,2.3,2018/05/31 09:01:18+00,
4.474804,51.91852,7,1.9,2018/05/31 09:11:33+00,
4.47477,51.918489,8,1.8,2018/05/31 09:11:35+00,
4.474688,51.918439,9,1.9,2018/05/31 09:11:40+00,
4.474831,51.918464,10,1.7,2018/05/31 09:16:02+00,
4.474883,51.918502,11,1.8,2018/05/31 09:16:05+00,
4.474932,51.918545,12,1.9,2018/05/31 09:16:09+00,
4.474927,51.918563,13,1.9,2018/05/31 09:16:10+00,
4.474918,51.918589,14,1.9,2018/05/31 09:16:12+00,
4.474938,51.918601,15,2,2018/05/31 09:16:13+00,
4.475004,51.918602,16,2,2018/05/31 09:16:15+00,
4.475028,51.918589,17,2,2018/05/31 09:16:16+00,
4.475076,51.918543,18,2,2018/05/31 09:16:18+00,
4.475149,51.918477,19,2,2018/05/31 09:16:21+00,
4.47517,51.91846,20,2,2018/05/31 09:16:22+00,
4.475188,51.91842,21,2,2018/05/31 09:16:24+00,
4.475182,51.918403,22,2,2018/05/31 09:16:25+00,
4.475174,51.918401,23,2,2018/05/31 09:16:26+00,
4.475138,51.918384,24,2,2018/05/31 09:16:28+00,
4.475097,51.918377,25,2,2018/05/31 09:16:31+00,
4.475058,51.918381,26,2,2018/05/31 09:16:34+00,
4.474982,51.918315,27,2.1,2018/05/31 09:16:42+00,
4.474918,51.918293,28,2.2,2018/05/31 09:16:45+00,
4.474862,51.918276,29,2.2,2018/05/31 09:16:47+00,
4.474834,51.918263,30,2.3,2018/05/31 09:16:48+00,
4.474802,51.918255,31,2.3,2018/05/31 09:16:49+00,
4.474757,51.918233,32,2.4,2018/05/31 09:17:00+00,
4.474646,51.91819,33,2.6,2018/05/31 09:17:05+00,
4.474628,51.918183,34,2.7,2018/05/31 09:17:06+00,
4.474505,51.918209,35,2.9,2018/05/31 09:17:23+00,
4.474473,51.918278,36,3.4,2018/05/31 09:17:26+00,
4.474427,51.918324,37,3.5,2018/05/31 09:17:28+00,
4.474363,51.918384,38,3.7,2018/05/31 09:17:30+00,
4.474332,51.918426,39,3.8,2018/05/31 09:17:32+00,
4.474302,51.918466,40,4,2018/05/31 09:17:34+00,
4.474291,51.918514,41,4.1,2018/05/31 09:17:36+00,
4.474278,51.918574,42,4.2,2018/05/31 09:17:38+00,
4.474264,51.918587,43,4.3,2018/05/31 09:17:39+00,
4.474234,51.918644,44,4.4,2018/05/31 09:17:41+00,
4.474224,51.918673,45,4.4,2018/05/31 09:17:42+00,
4.474198,51.918709,46,4.5,2018/05/31 09:17:44+00,
4.474165,51.918755,47,4.6,2018/05/31 09:17:46+00,
4.47414,51.918808,48,4.7,2018/05/31 09:17:48+00,
4.47411,51.918893,49,4.8,2018/05/31 09:17:51+00,
4.473967,51.918977,50,5,2018/05/31 09:17:55+00,
4.47381,51.918954,51,5,2018/05/31 09:17:59+00,
4.47377,51.918945,52,5,2018/05/31 09:18:00+00,
4.473697,51.91893,53,5,2018/05/31 09:18:02+00,
4.473583,51.918906,54,5,2018/05/31 09:18:05+00,
4.473514,51.918895,55,5,2018/05/31 09:18:07+00,
4.473393,51.9189,56,5.1,2018/05/31 09:19:32+00,
4.473266,51.918875,57,5.2,2018/05/31 09:19:36+00,
4.473217,51.918868,58,5.3,2018/05/31 09:19:37+00,
4.47317,51.918862,59,5.3,2018/05/31 09:19:38+00,
4.473022,51.918838,60,5.4,2018/05/31 09:19:41+00,
4.472924,51.918816,61,5.5,2018/05/31 09:19:43+00,
4.472872,51.918804,62,5.6,2018/05/31 09:19:44+00,
4.472587,51.918786,63,5.9,2018/05/31 09:19:50+00,
4.472517,51.918832,64,5.9,2018/05/31 09:19:53+00,
4.472502,51.918855,65,5.8,2018/05/31 09:19:54+00,
4.472452,51.919027,66,5.5,2018/05/31 09:20:00+00,
4.47239,51.919234,67,5,2018/05/31 09:20:06+00,
4.472313,51.91952,68,4.2,2018/05/31 09:20:14+00,
4.472317,51.919532,69,4.2,2018/05/31 09:20:15+00,
4.472301,51.91956,70,4.1,2018/05/31 09:20:16+00,
4.472294,51.919592,71,4.1,2018/05/31 09:20:17+00,
4.472255,51.919674,72,3.8,2018/05/31 09:20:20+00,
4.472235,51.919736,73,3.7,2018/05/31 09:20:23+00,
4.472244,51.91977,74,3.5,2018/05/31 09:20:25+00,
4.472303,51.919789,75,3.3,2018/05/31 09:20:29+00,
4.47224,51.919811,76,3,2018/05/31 09:25:40+00,
4.47221,51.919816,77,3,2018/05/31 09:25:41+00,
4.47215,51.919817,78,2.9,2018/05/31 09:25:43+00,
4.472112,51.919818,79,2.9,2018/05/31 09:25:44+00,
4.472036,51.919811,80,2.7,2018/05/31 09:25:46+00,
4.471998,51.91981,81,2.7,2018/05/31 09:25:47+00,
4.471924,51.919806,82,2.6,2018/05/31 09:25:49+00,
4.471899,51.919814,83,2.5,2018/05/31 09:25:50+00,
4.471841,51.919811,84,2.4,2018/05/31 09:25:52+00,
4.471812,51.919809,85,2.4,2018/05/31 09:25:53+00,
4.471786,51.919806,86,2.3,2018/05/31 09:25:54+00,
4.471681,51.919781,87,2.2,2018/05/31 09:26:05+00,
4.471646,51.919725,88,2.4,2018/05/31 09:26:08+00,
4.471643,51.919619,89,2.7,2018/05/31 09:26:13+00,
4.471642,51.919592,90,2.8,2018/05/31 09:26:14+00,
4.471655,51.919461,91,3.1,2018/05/31 09:26:19+00,
4.47165,51.919358,92,3.4,2018/05/31 09:26:23+00,
4.471659,51.919328,93,3.5,2018/05/31 09:26:24+00,
4.471689,51.919202,94,3.8,2018/05/31 09:26:28+00,
4.471708,51.919109,95,4,2018/05/31 09:26:31+00,
4.47173,51.919013,96,4.2,2018/05/31 09:26:34+00,
4.471777,51.918751,97,4.8,2018/05/31 09:26:42+00,
4.4718,51.918538,98,5.6,2018/05/31 09:26:48+00,
4.47186,51.918336,99,5.8,2018/05/31 09:26:54+00,
4.471951,51.918106,100,5.4,2018/05/31 09:27:01+00,
4.472028,51.917904,101,4.8,2018/05/31 09:27:07+00,
4.47205,51.917876,102,4.8,2018/05/31 09:27:08+00,
4.472107,51.917799,103,4.6,2018/05/31 09:27:11+00,
4.472168,51.917753,104,4.3,2018/05/31 09:27:13+00,
4.472246,51.917574,105,3.6,2018/05/31 09:27:19+00,
4.472363,51.917429,106,3.1,2018/05/31 09:27:25+00,
4.47246,51.91732,107,2.8,2018/05/31 09:27:30+00,
4.472567,51.917205,108,2.5,2018/05/31 09:27:36+00,
4.472616,51.917136,109,2.3,2018/05/31 09:27:42+00,
4.472638,51.917098,110,2.2,2018/05/31 09:27:45+00,
4.472678,51.917038,111,2.1,2018/05/31 09:27:48+00,
4.472779,51.916885,112,2.2,2018/05/31 09:27:55+00,
4.472864,51.916782,113,2.4,2018/05/31 09:27:59+00,
4.472939,51.916696,114,2.5,2018/05/31 09:28:02+00,
4.472969,51.916668,115,2.6,2018/05/31 09:28:03+00,
4.473126,51.916502,116,2.9,2018/05/31 09:28:09+00,
4.473141,51.916471,117,3,2018/05/31 09:28:10+00,
4.473153,51.916441,118,3,2018/05/31 09:28:11+00,
4.473179,51.916351,119,3,2018/05/31 09:28:14+00,
4.473244,51.916273,120,3,2018/05/31 09:28:17+00,
4.473265,51.916247,121,3.2,2018/05/31 09:28:18+00,
4.473325,51.916175,122,4,2018/05/31 09:28:21+00,
4.473375,51.916123,123,4.6,2018/05/31 09:28:23+00,
4.473402,51.916097,124,4.9,2018/05/31 09:28:24+00,
4.473457,51.916045,125,5,2018/05/31 09:28:26+00,
4.473576,51.915993,126,5,2018/05/31 09:28:29+00,
4.473642,51.915948,127,5,2018/05/31 09:28:31+00,
4.473692,51.915854,128,5,2018/05/31 09:28:34+00,
4.47372,51.91579,129,3.7,2018/05/31 09:28:36+00,
4.473779,51.915696,130,3,2018/05/31 09:28:39+00,
4.473864,51.915566,131,3,2018/05/31 09:28:43+00,
4.473911,51.915498,132,3,2018/05/31 09:28:45+00,
4.474064,51.915304,133,3.3,2018/05/31 09:28:51+00,
4.474213,51.915109,134,3.8,2018/05/31 09:28:57+00,
4.474275,51.915019,135,3,2018/05/31 09:29:00+00,
4.474273,51.914958,136,1.6,2018/05/31 09:29:02+00,
4.474245,51.91494,137,1.6,2018/05/31 09:29:03+00,
4.474179,51.914912,138,1.5,2018/05/31 09:29:05+00,
4.474136,51.914899,139,1.4,2018/05/31 09:29:06+00,
4.474003,51.914869,140,1.2,2018/05/31 09:29:09+00,
4.473911,51.914845,141,1.1,2018/05/31 09:29:11+00,
4.473862,51.914831,142,1.1,2018/05/31 09:29:12+00,
4.473662,51.914778,143,1.1,2018/05/31 09:29:16+00,
4.473611,51.914759,144,1,2018/05/31 09:29:17+00,
4.473516,51.914736,145,1,2018/05/31 09:29:19+00,
4.473345,51.914685,146,1,2018/05/31 09:29:22+00,
4.473236,51.914655,147,0.9,2018/05/31 09:29:24+00,
4.472903,51.914592,148,1,2018/05/31 09:29:30+00,
4.472692,51.914553,149,1,2018/05/31 09:29:34+00,
4.472588,51.914535,150,1,2018/05/31 09:29:36+00,
4.472253,51.914466,151,1,2018/05/31 09:29:42+00,
4.47208,51.914415,152,1,2018/05/31 09:29:45+00,
4.47196,51.914373,153,1,2018/05/31 09:29:47+00,
4.471907,51.914351,154,1,2018/05/31 09:29:48+00,
4.471751,51.914251,155,1.1,2018/05/31 09:29:53+00,
4.471729,51.914146,156,1.3,2018/05/31 09:29:57+00,
4.471739,51.914117,157,1.3,2018/05/31 09:29:58+00,
4.47183,51.913978,158,1.4,2018/05/31 09:30:03+00,
4.471909,51.913784,159,1.6,2018/05/31 09:30:09+00,
4.47195,51.913665,160,1.8,2018/05/31 09:30:13+00,
4.471995,51.913578,161,2,2018/05/31 09:30:16+00,
4.472062,51.913427,162,2.1,2018/05/31 09:30:22+00,
4.472222,51.913351,163,2.3,2018/05/31 09:30:27+00,
4.472363,51.913255,164,2.5,2018/05/31 09:30:33+00,
4.472405,51.913222,165,2.4,2018/05/31 09:30:35+00,
4.47239,51.913264,166,2.3,2018/05/31 09:40:14+00,
4.472207,51.913364,167,2.1,2018/05/31 09:40:20+00,
4.472034,51.913552,168,2,2018/05/31 09:40:27+00,
4.471982,51.91365,169,1.9,2018/05/31 09:40:30+00,
4.471957,51.91372,170,1.7,2018/05/31 09:53:10+00,
4.471898,51.91379,171,1.6,2018/05/31 09:53:14+00,
4.47178,51.91402,172,1.4,2018/05/31 09:53:23+00,
4.471766,51.914053,173,1.4,2018/05/31 09:53:24+00,
4.47169,51.914246,174,1.1,2018/05/31 09:53:31+00,
4.471681,51.91426,175,1.1,2018/05/31 09:53:32+00,
4.471573,51.91434,176,1,2018/05/31 09:53:41+00,
4.471545,51.914364,177,1,2018/05/31 09:53:42+00,
4.47131,51.914326,178,1,2018/05/31 09:53:49+00,
4.470847,51.914178,179,1.3,2018/05/31 09:53:59+00,
4.470544,51.914049,180,1.6,2018/05/31 09:54:05+00,
4.470491,51.914034,181,2,2018/05/31 09:54:06+00,
4.470158,51.913946,182,2,2018/05/31 09:54:12+00,
4.469994,51.913942,183,2,2018/05/31 09:54:15+00,
4.469915,51.913976,184,2,2018/05/31 09:54:17+00,
4.469885,51.914001,185,2,2018/05/31 09:54:18+00,
4.469855,51.914025,186,2,2018/05/31 09:54:19+00,
4.469766,51.914069,187,2,2018/05/31 09:54:22+00,
4.469703,51.914096,188,2,2018/05/31 09:54:24+00,
4.469423,51.914209,189,2,2018/05/31 09:56:20+00,
4.469314,51.914244,190,2,2018/05/31 09:56:23+00,
4.469017,51.91429,191,2,2018/05/31 09:56:29+00,
4.468951,51.914254,192,2,2018/05/31 09:56:55+00,
4.468928,51.914235,193,2,2018/05/31 09:56:56+00,
4.468792,51.914101,194,2,2018/05/31 09:57:01+00,
4.468657,51.913974,195,1.9,2018/05/31 09:57:05+00,
4.468617,51.913945,196,1.9,2018/05/31 09:57:06+00,
4.468258,51.913731,197,2.1,2018/05/31 09:57:14+00,
4.468079,51.913598,198,2.2,2018/05/31 09:57:20+00,
4.468065,51.913584,199,2.2,2018/05/31 09:57:21+00,
4.468031,51.913543,200,2.3,2018/05/31 09:57:35+00,
4.467979,51.913512,201,2.3,2018/05/31 09:57:37+00,
4.467724,51.913312,202,2.5,2018/05/31 09:57:43+00,
4.467652,51.913229,203,2.6,2018/05/31 09:57:45+00,
4.467416,51.913057,204,3,2018/05/31 09:57:49+00,
4.467066,51.912892,205,2.6,2018/05/31 09:57:55+00,
4.467007,51.912868,206,2.5,2018/05/31 09:57:56+00,
4.466877,51.912825,207,2.3,2018/05/31 09:57:58+00,
4.466748,51.912788,208,2.2,2018/05/31 09:58:00+00,
4.466566,51.912738,209,2,2018/05/31 09:58:03+00,
4.466511,51.912724,210,2,2018/05/31 09:58:04+00,
4.46635,51.912687,211,2.3,2018/05/31 09:58:07+00,
4.466005,51.912596,212,3.4,2018/05/31 09:58:13+00,
4.46544,51.912423,213,4.9,2018/05/31 09:58:23+00,
4.465076,51.912331,214,4.5,2018/05/31 09:58:30+00,
4.465041,51.912292,215,4.5,2018/05/31 09:58:31+00,
4.464947,51.912227,216,4.4,2018/05/31 09:58:33+00,
4.464725,51.912124,217,4.3,2018/05/31 09:58:37+00,
4.464678,51.912092,218,4.3,2018/05/31 09:58:38+00,
4.464433,51.911959,219,4.2,2018/05/31 09:58:43+00,
4.464109,51.911851,220,4.1,2018/05/31 09:58:48+00,
4.463957,51.911831,221,4,2018/05/31 09:58:50+00,
4.463753,51.91182,222,4,2018/05/31 09:58:53+00,
4.463577,51.911792,223,4,2018/05/31 09:58:56+00,
4.463416,51.911769,224,4.3,2018/05/31 09:58:59+00,
4.463333,51.911758,225,4.5,2018/05/31 09:59:01+00,
4.463195,51.911692,226,4.9,2018/05/31 09:59:04+00,
4.463153,51.91167,227,5,2018/05/31 09:59:05+00,
4.463114,51.911647,228,5,2018/05/31 09:59:06+00,
4.463077,51.911624,229,8,2018/05/31 09:59:07+00,
4.463041,51.911598,230,7.8,2018/05/31 09:59:08+00,
4.463,51.911576,231,7.5,2018/05/31 09:59:09+00,
4.462914,51.911538,232,7.1,2018/05/31 09:59:11+00,
4.462875,51.911516,233,6.8,2018/05/31 09:59:12+00,
4.462832,51.911495,234,6.5,2018/05/31 09:59:13+00,
4.4628,51.911474,235,6.5,2018/05/31 09:59:14+00,
4.462781,51.911427,236,6.3,2018/05/31 09:59:16+00,
4.462781,51.911407,237,6.3,2018/05/31 09:59:17+00,
4.462731,51.911366,238,6.2,2018/05/31 09:59:22+00,
4.462669,51.911356,239,6.1,2018/05/31 09:59:24+00,
4.462634,51.911349,240,6,2018/05/31 09:59:25+00,
4.462536,51.911334,241,5.8,2018/05/31 09:59:28+00,
4.462456,51.911327,242,5.7,2018/05/31 09:59:30+00,
4.462418,51.911319,243,5.7,2018/05/31 09:59:31+00,
4.462376,51.911309,244,5.6,2018/05/31 09:59:32+00,
4.46215,51.911223,245,5.4,2018/05/31 09:59:36+00,
4.461607,51.911066,246,5,2018/05/31 09:59:45+00,
4.461513,51.91106,247,5,2018/05/31 09:59:47+00,
4.461345,51.911054,248,5,2018/05/31 09:59:51+00,
4.461271,51.911042,249,5,2018/05/31 09:59:53+00,
4.461142,51.911022,250,5,2018/05/31 09:59:56+00,
4.461005,51.910998,251,5,2018/05/31 09:59:59+00,
4.460913,51.910955,252,5,2018/05/31 10:00:00+00,
4.460823,51.910909,253,4.8,2018/05/31 10:00:01+00,
4.460391,51.91073,254,2,2018/05/31 10:00:07+00,
4.460112,51.910674,255,2,2018/05/31 10:00:16+00,
4.460068,51.910662,256,3,2018/05/31 10:00:17+00,
4.459969,51.910634,257,3,2018/05/31 10:00:19+00,
4.459916,51.910619,258,3,2018/05/31 10:00:20+00,
4.459505,51.910482,259,3,2018/05/31 10:00:27+00,
4.459443,51.910453,260,3,2018/05/31 10:00:28+00,
4.45927,51.910372,261,3,2018/05/31 10:00:31+00,
4.459074,51.910243,262,2.9,2018/05/31 10:00:35+00,
4.45903,51.910212,263,2.8,2018/05/31 10:00:36+00,
4.458773,51.910036,264,2.7,2018/05/31 10:00:42+00,
4.45843,51.909868,265,2.5,2018/05/31 10:00:49+00,
4.457975,51.909733,266,2.2,2018/05/31 10:00:58+00,
4.457891,51.909709,267,2.1,2018/05/31 10:01:00+00,
4.457722,51.909659,268,2,2018/05/31 10:01:03+00,
4.457657,51.909645,269,2.1,2018/05/31 10:01:04+00,
4.45741,51.909605,270,2.8,2018/05/31 10:01:08+00,
4.457349,51.909602,271,3,2018/05/31 10:01:09+00,
4.457264,51.909576,272,3,2018/05/31 10:01:11+00,
4.457263,51.909538,273,3,2018/05/31 10:02:09+00,
4.457321,51.909506,274,3,2018/05/31 10:02:11+00,
4.457395,51.909457,275,3,2018/05/31 10:02:13+00,
4.457462,51.909406,276,2.5,2018/05/31 10:02:15+00,
4.457533,51.909357,277,2,2018/05/31 10:02:17+00,
4.457625,51.909323,278,2,2018/05/31 10:02:19+00,
4.457709,51.909273,279,2,2018/05/31 10:02:21+00,
4.457788,51.909166,280,-0.6,2018/05/31 10:02:24+00,
4.457839,51.909093,281,-1.8,2018/05/31 10:02:26+00,
4.457868,51.909055,282,-1.5,2018/05/31 10:02:27+00,
4.458002,51.908876,283,-0.1,2018/05/31 10:02:32+00,
4.458171,51.908629,284,1.8,2018/05/31 10:02:39+00,
4.458451,51.908248,285,4.4,2018/05/31 10:02:49+00,
4.458511,51.908171,286,4.7,2018/05/31 10:02:51+00,
4.458603,51.908054,287,5.2,2018/05/31 10:02:54+00,
4.4587,51.907923,288,5.8,2018/05/31 10:02:57+00,
4.458807,51.907779,289,6,2018/05/31 10:03:00+00,
4.458962,51.907568,290,4.9,2018/05/31 10:03:04+00,
4.459038,51.907468,291,4.6,2018/05/31 10:03:06+00,
4.459155,51.907275,292,4,2018/05/31 10:03:10+00,
4.459164,51.907232,293,4,2018/05/31 10:03:11+00,
4.459174,51.907192,294,4,2018/05/31 10:03:12+00,
4.459238,51.90705,295,4,2018/05/31 10:03:16+00,
4.459247,51.907013,296,4,2018/05/31 10:03:17+00,
4.459161,51.906846,297,4,2018/05/31 10:03:22+00,
4.459126,51.90682,298,4,2018/05/31 10:03:23+00,
4.458951,51.906737,299,4.4,2018/05/31 10:03:27+00,
4.458905,51.906718,300,4.5,2018/05/31 10:03:28+00,
4.458762,51.906678,301,4.9,2018/05/31 10:03:31+00,
4.458551,51.90662,302,5.4,2018/05/31 10:03:35+00,
4.458432,51.906592,303,5.7,2018/05/31 10:03:37+00,
4.458323,51.906565,304,6,2018/05/31 10:03:39+00,
4.458158,51.906516,305,6.6,2018/05/31 10:03:42+00,
4.458014,51.906482,306,7.1,2018/05/31 10:03:45+00,
4.457987,51.906484,307,7.2,2018/05/31 10:03:46+00,
4.457887,51.906482,308,7.5,2018/05/31 10:03:50+00,
4.457834,51.906486,309,8,2018/05/31 10:03:52+00,
4.457772,51.906461,310,8,2018/05/31 10:03:56+00,
4.457757,51.906443,311,8,2018/05/31 10:03:58+00,
4.457642,51.906247,312,8,2018/05/31 10:06:14+00,
4.45773,51.906178,313,8,2018/05/31 10:06:18+00,
4.457834,51.906104,314,8,2018/05/31 10:06:22+00,
4.457926,51.906044,315,8,2018/05/31 10:06:25+00,
4.458209,51.906058,316,8,2018/05/31 10:06:31+00,
4.458314,51.90606,317,8,2018/05/31 10:06:34+00,
4.458117,51.906172,318,8,2018/05/31 10:18:52+00,
4.4581,51.906194,319,8,2018/05/31 10:18:54+00,
4.458083,51.906216,320,8,2018/05/31 10:18:56+00,
4.458021,51.906317,321,8,2018/05/31 10:19:04+00,
4.457696,51.906417,322,8,2018/05/31 10:24:43+00,
4.457643,51.906401,323,8,2018/05/31 10:24:46+00,
4.457629,51.906396,324,8,2018/05/31 10:24:47+00,
4.457851,51.9065,325,7.2,2018/05/31 10:38:44+00,
4.457869,51.906511,326,7.1,2018/05/31 10:38:45+00,
4.458029,51.906582,327,6.5,2018/05/31 10:38:50+00,
4.458301,51.906645,328,5.8,2018/05/31 10:38:57+00,
4.458394,51.906662,329,5.6,2018/05/31 10:38:59+00,
4.458735,51.906726,330,4.8,2018/05/31 10:39:06+00,
4.458834,51.906749,331,4.6,2018/05/31 10:39:08+00,
4.459136,51.906808,332,4,2018/05/31 10:39:14+00,
4.459237,51.906826,333,4,2018/05/31 10:39:16+00,
4.459528,51.906919,334,4,2018/05/31 10:39:22+00,
4.459794,51.907044,335,4,2018/05/31 10:39:28+00,
4.460005,51.907171,336,4.5,2018/05/31 10:39:33+00,
4.460063,51.907193,337,4.5,2018/05/31 10:39:34+00,
4.460378,51.907292,338,4.9,2018/05/31 10:39:39+00,
4.460495,51.907337,339,5,2018/05/31 10:39:41+00,
4.460668,51.907405,340,5.1,2018/05/31 10:39:44+00,
4.460848,51.907451,341,5.1,2018/05/31 10:39:47+00,
4.46103,51.907496,342,5.1,2018/05/31 10:39:50+00,
4.461444,51.907603,343,5,2018/05/31 10:39:57+00,
4.461667,51.907693,344,4.7,2018/05/31 10:40:01+00,
4.46183,51.907758,345,4,2018/05/31 10:40:04+00,
4.461922,51.907797,346,4,2018/05/31 10:40:06+00,
4.461963,51.907808,347,4,2018/05/31 10:40:07+00,
4.462105,51.907827,348,4,2018/05/31 10:40:11+00,
4.462129,51.907833,349,3.9,2018/05/31 10:40:12+00,
4.462234,51.90785,350,3.8,2018/05/31 10:40:16+00,
4.462288,51.90784,351,3.7,2018/05/31 10:40:18+00,
4.46242,51.907844,352,3.4,2018/05/31 10:40:21+00,
4.462499,51.907839,353,3.2,2018/05/31 10:40:23+00,
4.462588,51.907815,354,3.6,2018/05/31 10:40:26+00,
4.462701,51.907703,355,4.5,2018/05/31 10:40:31+00,
4.462929,51.907346,356,6.6,2018/05/31 10:40:39+00,
4.462986,51.907265,357,6.9,2018/05/31 10:40:41+00,
4.463111,51.907066,358,7.4,2018/05/31 10:40:46+00,
4.463205,51.906891,359,7.9,2018/05/31 10:40:51+00,
4.463258,51.906718,360,6.1,2018/05/31 10:40:56+00,
4.463311,51.906616,361,5.1,2018/05/31 10:41:00+00,
4.463347,51.906606,362,5.4,2018/05/31 10:41:01+00,
4.463485,51.906621,363,6.3,2018/05/31 10:41:04+00,
4.463537,51.906631,364,6.7,2018/05/31 10:41:05+00,
4.463585,51.906644,365,7,2018/05/31 10:41:06+00,
4.46389,51.906742,366,7,2018/05/31 10:41:12+00,
4.464003,51.906786,367,7,2018/05/31 10:41:14+00,
4.464287,51.906865,368,5,2018/05/31 10:41:19+00,
4.464344,51.90688,369,5,2018/05/31 10:41:20+00,
4.46458,51.906993,370,5,2018/05/31 10:41:26+00,
4.464583,51.90702,371,5,2018/05/31 10:41:27+00,
4.464604,51.907058,372,5,2018/05/31 10:41:29+00,
4.46465,51.907027,373,5,2018/05/31 10:42:05+00,
4.464711,51.906955,374,5,2018/05/31 10:42:09+00,
4.464768,51.906871,375,5,2018/05/31 10:42:14+00,
4.464795,51.906846,376,5,2018/05/31 10:42:16+00,
4.464912,51.906732,377,4.2,2018/05/31 10:42:23+00,
4.464968,51.90671,378,3.9,2018/05/31 10:46:32+00,
4.465022,51.906691,379,3.7,2018/05/31 10:46:34+00,
4.46518,51.906574,380,2.8,2018/05/31 10:46:39+00,
4.465211,51.906541,381,2.5,2018/05/31 10:46:40+00,
4.46541,51.906295,382,2.9,2018/05/31 10:46:46+00,
4.465629,51.906002,383,4.2,2018/05/31 10:46:53+00,
4.465821,51.905698,384,4.4,2018/05/31 10:47:00+00,
4.46596,51.905489,385,4.8,2018/05/31 10:47:05+00,
4.466084,51.905294,386,5.4,2018/05/31 10:47:10+00,
4.466136,51.905205,387,5.8,2018/05/31 10:47:12+00,
4.4663,51.90499,388,5.2,2018/05/31 10:47:17+00,
4.466322,51.904944,389,5.1,2018/05/31 10:47:18+00,
4.466483,51.904677,390,4.4,2018/05/31 10:47:24+00,
4.466511,51.904632,391,4.3,2018/05/31 10:47:25+00,
4.466725,51.904293,392,3.1,2018/05/31 10:47:33+00,
4.466962,51.903878,393,4.3,2018/05/31 10:47:42+00,
4.46704,51.903745,394,4.6,2018/05/31 10:47:45+00,
4.46715,51.903586,395,4.8,2018/05/31 10:47:49+00,
4.467318,51.903346,396,3.9,2018/05/31 10:47:56+00,
4.467359,51.90329,397,3.8,2018/05/31 10:47:58+00,
4.467502,51.903152,398,3.7,2018/05/31 10:48:04+00,
4.467775,51.903021,399,3.1,2018/05/31 10:48:10+00,
4.468185,51.902924,400,4.2,2018/05/31 10:48:17+00,
4.468622,51.902905,401,6,2018/05/31 10:48:24+00,
4.468742,51.902889,402,6,2018/05/31 10:48:26+00,
4.468931,51.902869,403,6,2018/05/31 10:48:30+00,
4.468982,51.90284,404,6,2018/05/31 10:48:32+00,
4.469001,51.902786,405,6,2018/05/31 10:48:35+00,
4.468982,51.902778,406,6,2018/05/31 10:48:36+00,
4.46928,51.897235,407,1.2,2018/05/31 10:54:16+00,
4.469324,51.897095,408,4.1,2018/05/31 10:54:21+00,
4.469333,51.896961,409,4.5,2018/05/31 10:54:24+00,
4.469324,51.896908,410,4.6,2018/05/31 10:54:25+00,
4.469303,51.896809,411,4.7,2018/05/31 10:54:27+00,
4.469201,51.89635,412,4.1,2018/05/31 10:54:38+00,
4.469192,51.896311,413,4,2018/05/31 10:54:39+00,
4.469113,51.896032,414,4.3,2018/05/31 10:54:47+00,
4.469077,51.895909,415,5,2018/05/31 10:54:51+00,
4.46905,51.89581,416,5,2018/05/31 10:54:55+00,
4.469006,51.895599,417,5,2018/05/31 10:55:03+00,
4.469022,51.895419,418,5,2018/05/31 10:55:09+00,
4.469111,51.895313,419,5.8,2018/05/31 10:55:15+00,
4.469112,51.8953,420,5.9,2018/05/31 10:55:16+00,
4.469103,51.895288,421,5.9,2018/05/31 10:55:17+00,
4.469086,51.895278,422,5.9,2018/05/31 10:55:18+00,
4.46906,51.895267,423,5.8,2018/05/31 10:55:19+00,
4.468876,51.895254,424,5.6,2018/05/31 10:55:23+00,
4.468814,51.895255,425,5.5,2018/05/31 10:55:24+00,
4.468671,51.895257,426,5.3,2018/05/31 10:55:26+00,
4.468454,51.895218,427,5.1,2018/05/31 10:55:30+00,
4.46848,51.89516,428,5,2018/05/31 10:55:34+00,
4.468601,51.895165,429,5,2018/05/31 10:55:36+00,
4.468716,51.895161,430,5.1,2018/05/31 10:55:38+00,
4.469215,51.895111,431,5.7,2018/05/31 10:55:47+00,
4.469718,51.894982,432,5.9,2018/05/31 10:55:55+00,
4.470087,51.894852,433,5.9,2018/05/31 10:56:02+00,
4.470198,51.894727,434,6,2018/05/31 10:56:06+00,
4.470227,51.8947,435,6,2018/05/31 10:56:07+00,
4.470465,51.894543,436,6,2018/05/31 10:56:13+00,
4.470743,51.894429,437,6,2018/05/31 10:56:18+00,
4.470866,51.894404,438,5.9,2018/05/31 10:56:20+00,
4.471115,51.894297,439,5.5,2018/05/31 10:56:25+00,
4.471262,51.894222,440,5.2,2018/05/31 10:56:28+00,
4.471487,51.894081,441,4.9,2018/05/31 10:56:33+00,
4.471998,51.893783,442,4.3,2018/05/31 10:56:43+00,
4.472327,51.893617,443,3.7,2018/05/31 10:56:50+00,
4.472647,51.893475,444,3.3,2018/05/31 10:56:56+00,
4.472918,51.893326,445,3.1,2018/05/31 10:57:01+00,
4.473037,51.893218,446,3,2018/05/31 10:57:04+00,
4.473064,51.893135,447,3,2018/05/31 10:57:06+00,
4.473077,51.893043,448,3,2018/05/31 10:57:08+00,
4.473078,51.892998,449,3,2018/05/31 10:57:09+00,
4.473016,51.892804,450,3,2018/05/31 10:57:14+00,
4.472974,51.892667,451,3,2018/05/31 10:57:18+00,
4.47302,51.892602,452,2.8,2018/05/31 10:57:21+00,
4.473129,51.892561,453,2.6,2018/05/31 10:57:24+00,
4.47321,51.892519,454,2.3,2018/05/31 10:57:26+00,
4.473386,51.892427,455,2.1,2018/05/31 10:57:30+00,
4.473573,51.892324,456,2,2018/05/31 10:57:34+00,
4.473891,51.89222,457,2,2018/05/31 10:57:41+00,
4.473938,51.892212,458,2,2018/05/31 10:57:42+00,
4.47414,51.892234,459,2,2018/05/31 10:57:46+00,
4.474203,51.892281,460,2,2018/05/31 10:57:47+00,
4.474249,51.892317,461,2,2018/05/31 10:57:48+00,
4.474477,51.89246,462,2.4,2018/05/31 10:57:53+00,
4.474574,51.892457,463,2.2,2018/05/31 10:57:57+00,
4.474617,51.892438,464,2,2018/05/31 10:58:09+00,
4.474656,51.892406,465,2,2018/05/31 10:58:11+00,
4.474898,51.892253,466,2,2018/05/31 10:58:18+00,
4.475118,51.892211,467,2,2018/05/31 10:58:23+00,
4.475278,51.892267,468,2,2018/05/31 10:58:29+00,
4.475307,51.892265,469,2,2018/05/31 10:58:30+00,
4.475383,51.892261,470,2,2018/05/31 10:58:32+00,
4.475484,51.892246,471,2,2018/05/31 10:58:34+00,
4.475536,51.892239,472,2,2018/05/31 10:58:35+00,
4.475731,51.892209,473,2,2018/05/31 10:58:38+00,
4.475934,51.892174,474,2.2,2018/05/31 10:58:41+00,
4.476,51.892163,475,2.2,2018/05/31 10:58:42+00,
4.476201,51.892119,476,2.3,2018/05/31 10:58:45+00,
4.476712,51.89203,477,2.2,2018/05/31 10:58:53+00,
4.476888,51.891982,478,2,2018/05/31 10:58:56+00,
4.477086,51.891904,479,1.4,2018/05/31 10:59:00+00,
4.477139,51.891887,480,1.2,2018/05/31 10:59:01+00,
4.477574,51.891764,481,0.8,2018/05/31 10:59:08+00,
4.477757,51.891739,482,0.8,2018/05/31 10:59:11+00,
4.477986,51.891664,483,0.7,2018/05/31 10:59:15+00,
4.478093,51.891621,484,0.7,2018/05/31 10:59:17+00,
4.478388,51.891581,485,0.8,2018/05/31 10:59:22+00,
4.478645,51.891585,486,1,2018/05/31 10:59:51+00,
4.478734,51.891588,487,1,2018/05/31 10:59:54+00,
4.478808,51.891583,488,1,2018/05/31 10:59:56+00,
4.478982,51.891561,489,1.1,2018/05/31 11:00:00+00,
4.479033,51.891556,490,1.3,2018/05/31 11:00:01+00,
4.479201,51.891537,491,1.8,2018/05/31 11:00:04+00,
4.479525,51.891468,492,2.1,2018/05/31 11:00:09+00,
4.479767,51.891394,493,2.3,2018/05/31 11:00:13+00,
4.479826,51.891361,494,2.4,2018/05/31 11:00:14+00,
4.47995,51.891332,495,2.5,2018/05/31 11:00:16+00,
4.480478,51.891201,496,2.9,2018/05/31 11:00:25+00,
4.480928,51.891099,497,3.3,2018/05/31 11:00:34+00,
4.480977,51.89109,498,3.4,2018/05/31 11:00:35+00,
4.48124,51.891023,499,3.7,2018/05/31 11:00:40+00,
4.481353,51.890994,500,3.8,2018/05/31 11:00:42+00,
4.481469,51.890957,501,3.9,2018/05/31 11:00:44+00,
4.481781,51.890876,502,4.2,2018/05/31 11:00:48+00,
4.481864,51.890856,503,4.3,2018/05/31 11:00:49+00,
4.482099,51.890809,504,4.2,2018/05/31 11:00:52+00,
4.482406,51.890744,505,4.1,2018/05/31 11:00:56+00,
4.482542,51.890712,506,3.9,2018/05/31 11:00:58+00,
4.482605,51.890696,507,3.9,2018/05/31 11:00:59+00,
4.482806,51.890662,508,3.7,2018/05/31 11:01:02+00,
4.482924,51.89064,509,3.7,2018/05/31 11:01:04+00,
4.483062,51.890613,510,3.6,2018/05/31 11:01:06+00,
4.48313,51.890597,511,3.6,2018/05/31 11:01:07+00,
4.483273,51.890564,512,3.5,2018/05/31 11:01:09+00,
4.483952,51.890451,513,3.4,2018/05/31 11:01:18+00,
4.484027,51.890442,514,3.4,2018/05/31 11:01:19+00,
4.484243,51.890404,515,3.4,2018/05/31 11:01:22+00,
4.484377,51.89037,516,3.3,2018/05/31 11:01:24+00,
4.484576,51.890334,517,3.2,2018/05/31 11:01:27+00,
4.484637,51.890326,518,3.2,2018/05/31 11:01:28+00,
4.484695,51.890316,519,3.2,2018/05/31 11:01:29+00,
4.485073,51.890195,520,3,2018/05/31 11:01:35+00,
4.485137,51.890183,521,2.9,2018/05/31 11:01:36+00,
4.485254,51.890158,522,2.8,2018/05/31 11:01:38+00,
4.485354,51.89013,523,2.7,2018/05/31 11:01:40+00,
4.485517,51.890094,524,2.5,2018/05/31 11:01:43+00,
4.485621,51.890064,525,2.4,2018/05/31 11:01:45+00,
4.485733,51.890028,526,2.2,2018/05/31 11:01:47+00,
4.485846,51.889993,527,2,2018/05/31 11:01:49+00,
4.485967,51.889958,528,1.7,2018/05/31 11:01:51+00,
4.486102,51.889924,529,1.4,2018/05/31 11:01:53+00,
4.486169,51.889909,530,1.2,2018/05/31 11:01:54+00,
4.486242,51.889894,531,1,2018/05/31 11:01:55+00,
4.486515,51.889828,532,1.2,2018/05/31 11:01:58+00,
4.486757,51.889763,533,1.4,2018/05/31 11:02:01+00,
4.487092,51.889658,534,1.8,2018/05/31 11:02:06+00,
4.487185,51.889623,535,1.9,2018/05/31 11:02:08+00,
4.487244,51.889622,536,2,2018/05/31 11:02:10+00,
4.487365,51.889553,537,2,2018/05/31 11:02:34+00,
4.487404,51.88955,538,2,2018/05/31 11:02:35+00,
4.487445,51.889544,539,2,2018/05/31 11:02:36+00,
4.487488,51.889537,540,2,2018/05/31 11:02:37+00,
4.487533,51.889537,541,2,2018/05/31 11:02:38+00,
4.487581,51.889543,542,2,2018/05/31 11:02:39+00,
4.487657,51.889544,543,2,2018/05/31 11:02:40+00,
4.48772,51.88954,544,2,2018/05/31 11:02:41+00,
4.487789,51.88953,545,2,2018/05/31 11:02:42+00,
4.487917,51.889502,546,2,2018/05/31 11:02:44+00,
4.488267,51.889425,547,2,2018/05/31 11:02:50+00,
4.488329,51.889411,548,2,2018/05/31 11:02:51+00,
4.48877,51.889303,549,2.2,2018/05/31 11:02:58+00,
4.489419,51.889135,550,3.4,2018/05/31 11:03:08+00,
4.489538,51.889124,551,3.6,2018/05/31 11:03:10+00,
4.489598,51.88914,552,3.8,2018/05/31 11:03:11+00,
4.489649,51.889152,553,3.9,2018/05/31 11:03:12+00,
4.489726,51.889155,554,4.1,2018/05/31 11:03:14+00,
4.489887,51.889093,555,4.6,2018/05/31 11:05:43+00,
4.490023,51.889078,556,4.9,2018/05/31 11:05:45+00,
4.490095,51.889069,557,5,2018/05/31 11:05:46+00,
4.490223,51.889048,558,5.2,2018/05/31 11:05:48+00,
4.490471,51.889,559,5.5,2018/05/31 11:05:52+00,
4.490865,51.888905,560,5.8,2018/05/31 11:05:58+00,
4.490999,51.888854,561,5.9,2018/05/31 11:06:00+00,
4.491066,51.888835,562,5.9,2018/05/31 11:06:01+00,
4.491204,51.888798,563,6,2018/05/31 11:06:03+00,
4.491666,51.888683,564,6.3,2018/05/31 11:06:10+00,
4.492082,51.888577,565,6.8,2018/05/31 11:06:18+00,
4.492222,51.88851,566,7,2018/05/31 11:06:22+00,
4.492262,51.888475,567,6.4,2018/05/31 11:06:24+00,
4.492362,51.888427,568,5.1,2018/05/31 11:06:30+00,
4.492377,51.888418,569,4.8,2018/05/31 11:06:31+00,
4.492401,51.888394,570,4.3,2018/05/31 11:06:34+00,
4.492421,51.888377,571,4,2018/05/31 11:06:35+00,
4.492458,51.888361,572,3.5,2018/05/31 11:06:36+00,
4.492502,51.888341,573,4.3,2018/05/31 11:06:37+00,
4.492548,51.888322,574,6,2018/05/31 11:06:38+00,
4.492596,51.888309,575,6,2018/05/31 11:06:39+00,
4.492905,51.888293,576,6,2018/05/31 11:06:45+00,
4.493087,51.88825,577,6,2018/05/31 11:06:51+00,
4.49328,51.888239,578,5.6,2018/05/31 11:06:57+00,
4.493564,51.888223,579,5,2018/05/31 11:07:05+00,
4.494039,51.88781,580,6.6,2018/05/31 11:16:21+00,
4.494082,51.887774,581,6.5,2018/05/31 11:16:24+00,
4.494085,51.887749,582,6.2,2018/05/31 11:16:26+00,
4.494085,51.887726,583,5.9,2018/05/31 11:16:28+00,
4.494083,51.887705,584,5.7,2018/05/31 11:16:30+00,
4.49408,51.887681,585,5.5,2018/05/31 11:16:33+00,
4.494078,51.887674,586,5.2,2018/05/31 11:16:34+00,
4.494062,51.887662,587,5,2018/05/31 11:16:36+00,
4.494046,51.88765,588,4.8,2018/05/31 11:16:38+00,
4.494029,51.887632,589,4.6,2018/05/31 11:16:41+00,
4.494,51.887557,590,4.6,2018/05/31 11:16:47+00,
4.493997,51.887428,591,5,2018/05/31 11:16:58+00,
4.493943,51.887302,592,5.4,2018/05/31 11:17:13+00,
4.492059,51.888716,593,5,2018/05/31 11:21:20+00,
4.492138,51.888648,594,5.9,2018/05/31 11:21:21+00,
4.492296,51.888513,595,6.8,2018/05/31 11:21:23+00,
4.493549,51.888204,596,5.1,2018/05/31 11:25:25+00,
4.493527,51.88821,597,5.1,2018/05/31 11:25:26+00,
4.493284,51.888239,598,6,2018/05/31 11:25:33+00,
4.492986,51.888281,599,6,2018/05/31 11:25:39+00,
4.492871,51.88829,600,6,2018/05/31 11:25:41+00,
4.492252,51.88836,601,6.9,2018/05/31 11:25:52+00,
4.492194,51.888377,602,7,2018/05/31 11:25:53+00,
4.492149,51.888447,603,7,2018/05/31 11:25:56+00,
4.492162,51.88847,604,7,2018/05/31 11:25:57+00,
4.492291,51.888573,605,7,2018/05/31 11:26:00+00,
4.492399,51.888778,606,7,2018/05/31 11:26:06+00,
4.49232,51.888833,607,7,2018/05/31 11:26:09+00,
4.492204,51.888847,608,7,2018/05/31 11:26:11+00,
4.492164,51.888876,609,7,2018/05/31 11:26:12+00,
4.492001,51.889125,610,6.3,2018/05/31 11:26:18+00,
4.491953,51.889197,611,5.7,2018/05/31 11:26:20+00,
4.491933,51.889228,612,5.4,2018/05/31 11:26:21+00,
4.49175,51.88945,613,3.7,2018/05/31 11:26:28+00,
4.491652,51.889609,614,2.7,2018/05/31 11:26:33+00,
4.491522,51.889802,615,2,2018/05/31 11:26:40+00,
4.491386,51.889856,616,2,2018/05/31 11:26:43+00,
4.491286,51.889889,617,2,2018/05/31 11:26:45+00,
4.49114,51.889931,618,2,2018/05/31 11:26:48+00,
4.490817,51.890016,619,2.9,2018/05/31 11:26:54+00,
4.49049,51.890129,620,3.8,2018/05/31 11:27:00+00,
4.490399,51.890168,621,4,2018/05/31 11:27:02+00,
4.490335,51.890221,622,4,2018/05/31 11:27:04+00,
4.490142,51.890356,623,3.7,2018/05/31 11:27:10+00,
4.49,51.890421,624,3,2018/05/31 11:27:13+00,
4.489856,51.890512,625,3,2018/05/31 11:27:17+00,
4.48975,51.890569,626,3,2018/05/31 11:27:20+00,
4.489649,51.890603,627,3,2018/05/31 11:27:23+00,
4.489595,51.890672,628,3,2018/05/31 11:27:28+00,
4.489577,51.89068,629,3,2018/05/31 11:27:29+00,
4.489488,51.890769,630,2.7,2018/05/31 11:27:36+00,
4.48936,51.890822,631,2.4,2018/05/31 11:27:46+00,
4.48934,51.890792,632,2.4,2018/05/31 11:27:47+00,
4.489318,51.890747,633,2.3,2018/05/31 11:27:48+00,
4.489297,51.890707,634,2.3,2018/05/31 11:27:49+00,
4.489271,51.890663,635,2.2,2018/05/31 11:27:50+00,
4.489428,51.890387,636,2.6,2018/05/31 11:30:07+00,
4.489413,51.890428,637,3,2018/05/31 11:30:10+00,
4.489366,51.890389,638,3,2018/05/31 11:30:55+00,
4.489563,51.890174,639,3,2018/05/31 11:31:19+00,
4.489549,51.890214,640,3,2018/05/31 11:31:22+00,
4.489596,51.8903,641,3,2018/05/31 11:31:25+00,
4.48958,51.890334,642,3,2018/05/31 11:31:29+00,
4.489472,51.890404,643,2.7,2018/05/31 11:31:37+00,
4.488905,51.890472,644,2,2018/05/31 11:35:41+00,
4.488898,51.890499,645,2,2018/05/31 11:35:42+00,
4.488892,51.89053,646,2,2018/05/31 11:35:43+00,
4.488894,51.890583,647,2.1,2018/05/31 11:35:45+00,
4.488968,51.890613,648,2.1,2018/05/31 11:35:46+00,
4.489035,51.890662,649,2.2,2018/05/31 11:35:49+00,
4.489119,51.890824,650,2.3,2018/05/31 11:35:56+00,
4.489234,51.891014,651,2.6,2018/05/31 11:36:02+00,
4.489393,51.89125,652,2.9,2018/05/31 11:36:08+00,
4.489457,51.891336,653,3,2018/05/31 11:36:10+00,
4.489674,51.891675,654,2.8,2018/05/31 11:36:18+00,
4.489751,51.891806,655,2.5,2018/05/31 11:36:21+00,
4.489867,51.89201,656,2,2018/05/31 11:36:26+00,
4.489992,51.892174,657,1.8,2018/05/31 11:36:32+00,
4.490033,51.892238,658,1.7,2018/05/31 11:36:34+00,
4.490157,51.892401,659,1.8,2018/05/31 11:36:39+00,
4.490182,51.892436,660,1.9,2018/05/31 11:36:40+00,
4.490362,51.892571,661,2,2018/05/31 11:36:44+00,
4.490453,51.892616,662,2,2018/05/31 11:36:45+00,
4.490533,51.892664,663,2,2018/05/31 11:36:46+00,
4.490605,51.892711,664,2,2018/05/31 11:36:47+00,
4.490666,51.892758,665,2,2018/05/31 11:36:48+00,
4.49072,51.892802,666,2,2018/05/31 11:36:49+00,
4.490792,51.892841,667,2,2018/05/31 11:36:50+00,
4.490873,51.892881,668,2.1,2018/05/31 11:36:51+00,
4.490929,51.892962,669,2.3,2018/05/31 11:36:52+00,
4.490936,51.893072,670,2.6,2018/05/31 11:36:53+00,
4.490952,51.893166,671,2.9,2018/05/31 11:36:54+00,
4.491003,51.893262,672,3.2,2018/05/31 11:36:56+00,
4.491027,51.893304,673,3.4,2018/05/31 11:36:57+00,
4.491084,51.893381,674,3.7,2018/05/31 11:36:59+00,
4.491155,51.893441,675,3.9,2018/05/31 11:37:01+00,
4.491342,51.893605,676,4.6,2018/05/31 11:37:06+00,
4.491506,51.893776,677,5.2,2018/05/31 11:37:11+00,
4.491714,51.893949,678,5.7,2018/05/31 11:37:17+00,
4.491746,51.893984,679,5.8,2018/05/31 11:37:18+00,
4.491804,51.894053,680,5.9,2018/05/31 11:37:20+00,
4.491875,51.894114,681,6,2018/05/31 11:37:22+00,
4.49202,51.894237,682,6,2018/05/31 11:37:26+00,
4.492047,51.894264,683,6,2018/05/31 11:37:27+00,
4.492108,51.89432,684,6,2018/05/31 11:37:29+00,
4.492227,51.894433,685,6,2018/05/31 11:37:33+00,
4.492289,51.894483,686,6,2018/05/31 11:37:34+00,
4.492353,51.894511,687,6,2018/05/31 11:37:35+00,
4.492404,51.894542,688,6,2018/05/31 11:37:36+00,
4.492454,51.894598,689,6,2018/05/31 11:37:38+00,
4.49251,51.894653,690,6,2018/05/31 11:37:40+00,
4.492568,51.8947,691,5.9,2018/05/31 11:37:42+00,
4.492619,51.89475,692,5.8,2018/05/31 11:37:44+00,
4.492674,51.894798,693,5.7,2018/05/31 11:37:46+00,
4.492735,51.894845,694,5.6,2018/05/31 11:37:48+00,
4.492794,51.894891,695,5.5,2018/05/31 11:37:50+00,
4.492854,51.894937,696,5.4,2018/05/31 11:37:52+00,
4.492882,51.89496,697,5.3,2018/05/31 11:37:53+00,
4.492939,51.895012,698,5.2,2018/05/31 11:37:55+00,
4.492965,51.895036,699,5.2,2018/05/31 11:37:56+00,
4.492992,51.895057,700,5.1,2018/05/31 11:37:57+00,
4.493021,51.895081,701,5.1,2018/05/31 11:37:58+00,
4.493077,51.89513,702,5,2018/05/31 11:38:00+00,
4.493128,51.895173,703,5,2018/05/31 11:38:02+00,
4.493154,51.895196,704,4.9,2018/05/31 11:38:03+00,
4.493178,51.895221,705,4.9,2018/05/31 11:38:04+00,
4.4932,51.895243,706,4.9,2018/05/31 11:38:05+00,
4.493244,51.895287,707,4.9,2018/05/31 11:38:07+00,
4.493272,51.89531,708,4.9,2018/05/31 11:38:08+00,
4.493414,51.89539,709,4.9,2018/05/31 11:38:10+00,
4.493529,51.895448,710,4.9,2018/05/31 11:38:11+00,
4.493624,51.89547,711,5,2018/05/31 11:38:12+00,
4.493696,51.895486,712,5,2018/05/31 11:38:13+00,
4.493755,51.895481,713,5,2018/05/31 11:38:14+00,
4.493818,51.895477,714,5,2018/05/31 11:38:15+00,
4.493892,51.895482,715,5,2018/05/31 11:38:16+00,
4.493969,51.895487,716,5,2018/05/31 11:38:17+00,
4.494044,51.895486,717,5,2018/05/31 11:38:18+00,
4.494115,51.895481,718,5,2018/05/31 11:38:19+00,
4.49418,51.895474,719,5,2018/05/31 11:38:20+00,
4.494236,51.895467,720,5,2018/05/31 11:38:21+00,
4.49429,51.89546,721,5,2018/05/31 11:38:22+00,
4.494391,51.89545,722,5,2018/05/31 11:38:24+00,
4.494514,51.895437,723,5,2018/05/31 11:38:28+00,
4.494576,51.89546,724,5,2018/05/31 11:38:34+00,
4.494642,51.895572,725,5,2018/05/31 11:38:38+00,
4.494661,51.895607,726,5,2018/05/31 11:38:39+00,
4.4947,51.895681,727,5.1,2018/05/31 11:38:41+00,
4.494735,51.89575,728,5.3,2018/05/31 11:38:43+00,
4.494752,51.895785,729,5.4,2018/05/31 11:38:44+00,
4.494784,51.895854,730,5.5,2018/05/31 11:38:46+00,
4.494832,51.895947,731,5.7,2018/05/31 11:38:49+00,
4.494885,51.896069,732,5.9,2018/05/31 11:38:53+00,
4.494928,51.896122,733,6,2018/05/31 11:38:55+00,
4.494946,51.896153,734,6.1,2018/05/31 11:38:56+00,
4.494958,51.89619,735,6.1,2018/05/31 11:38:57+00,
4.494968,51.896226,736,6.2,2018/05/31 11:38:58+00,
4.495019,51.896331,737,6.3,2018/05/31 11:39:01+00,
4.495055,51.896416,738,6.4,2018/05/31 11:39:03+00,
4.495137,51.896585,739,6.8,2018/05/31 11:39:08+00,
4.495157,51.896622,740,6.8,2018/05/31 11:39:09+00,
4.49521,51.896756,741,7.1,2018/05/31 11:39:13+00,
4.495231,51.896788,742,7.2,2018/05/31 11:39:14+00,
4.495314,51.896956,743,7.5,2018/05/31 11:39:19+00,
4.495383,51.897028,744,7.7,2018/05/31 11:39:20+00,
4.495436,51.897081,745,7.9,2018/05/31 11:39:21+00,
4.495471,51.897119,746,8,2018/05/31 11:39:22+00,
4.495511,51.897155,747,8,2018/05/31 11:39:24+00,
4.495527,51.897193,748,8,2018/05/31 11:40:11+00,
4.49556,51.89725,749,8,2018/05/31 11:40:13+00,
4.495601,51.897318,750,8.1,2018/05/31 11:40:15+00,
4.495646,51.89739,751,8.3,2018/05/31 11:40:17+00,
4.495699,51.897462,752,8.6,2018/05/31 11:40:19+00,
4.495763,51.897584,753,8.9,2018/05/31 11:40:22+00,
4.495782,51.897628,754,8.6,2018/05/31 11:40:23+00,
4.495824,51.897716,755,8,2018/05/31 11:40:25+00,
4.495887,51.897898,756,8,2018/05/31 11:40:29+00,
4.495914,51.897988,757,8,2018/05/31 11:40:31+00,
4.495967,51.898215,758,8,2018/05/31 11:40:36+00,
4.495978,51.898262,759,7.7,2018/05/31 11:40:37+00,
4.496028,51.898541,760,5.8,2018/05/31 11:40:43+00,
4.496089,51.89883,761,4,2018/05/31 11:40:50+00,
4.496108,51.89901,762,3.9,2018/05/31 11:40:55+00,
4.496162,51.899213,763,3.7,2018/05/31 11:41:01+00,
4.496218,51.899458,764,3.3,2018/05/31 11:41:07+00,
4.496281,51.899735,765,3.1,2018/05/31 11:41:13+00,
4.49631,51.899878,766,3,2018/05/31 11:41:16+00,
4.496364,51.900114,767,2.9,2018/05/31 11:41:21+00,
4.496435,51.90045,768,2.8,2018/05/31 11:41:28+00,
4.496499,51.900711,769,2.8,2018/05/31 11:41:34+00,
4.496519,51.900794,770,2.8,2018/05/31 11:41:36+00,
4.496575,51.901092,771,3,2018/05/31 11:41:43+00,
4.496649,51.901408,772,3.2,2018/05/31 11:41:51+00,
4.496646,51.901479,773,4.4,2018/05/31 11:42:34+00,
4.496653,51.901534,774,5,2018/05/31 11:42:36+00,
4.496653,51.901577,775,5,2018/05/31 11:42:38+00,
4.496654,51.901603,776,5,2018/05/31 11:42:43+00,
4.496679,51.901748,777,5,2018/05/31 11:42:48+00,
4.496687,51.901935,778,5.1,2018/05/31 11:42:53+00,
4.496714,51.902053,779,5.2,2018/05/31 11:42:56+00,
4.496766,51.90227,780,5.3,2018/05/31 11:43:01+00,
4.496862,51.90261,781,5.8,2018/05/31 11:43:08+00,
4.496895,51.902657,782,5.9,2018/05/31 11:43:09+00,
4.496982,51.902743,783,6,2018/05/31 11:43:11+00,
4.497003,51.902795,784,6,2018/05/31 11:43:12+00,
4.49702,51.902906,785,6,2018/05/31 11:43:14+00,
4.497039,51.903063,786,6,2018/05/31 11:43:17+00,
4.497062,51.903208,787,5.8,2018/05/31 11:43:20+00,
4.497073,51.903251,788,5.8,2018/05/31 11:43:21+00,
4.497095,51.903333,789,5.8,2018/05/31 11:43:23+00,
4.497118,51.903419,790,5.8,2018/05/31 11:43:25+00,
4.497142,51.903508,791,5.9,2018/05/31 11:43:27+00,
4.497171,51.9036,792,6,2018/05/31 11:43:29+00,
4.497206,51.903808,793,5.9,2018/05/31 11:43:34+00,
4.497217,51.903901,794,5.9,2018/05/31 11:43:36+00,
4.49728,51.904147,795,5.7,2018/05/31 11:43:42+00,
4.49729,51.90419,796,5.7,2018/05/31 11:43:43+00,
4.497337,51.904458,797,5.4,2018/05/31 11:43:49+00,
4.497334,51.904504,798,5.4,2018/05/31 11:43:50+00,
4.49732,51.90455,799,5.4,2018/05/31 11:43:51+00,
4.497239,51.904679,800,5.2,2018/05/31 11:43:54+00,
4.497136,51.904795,801,5.2,2018/05/31 11:43:57+00,
4.497022,51.904901,802,5.1,2018/05/31 11:44:00+00,
4.496713,51.90513,803,6.2,2018/05/31 11:44:07+00,
4.496436,51.905298,804,7.2,2018/05/31 11:44:13+00,
4.496333,51.905353,805,7.5,2018/05/31 11:44:15+00,
4.496286,51.90538,806,7.6,2018/05/31 11:44:16+00,
4.496177,51.905442,807,7.9,2018/05/31 11:44:18+00,
4.496122,51.905464,808,8,2018/05/31 11:44:19+00,
4.496066,51.905488,809,8.2,2018/05/31 11:44:20+00,
4.495959,51.905547,810,8.5,2018/05/31 11:44:22+00,
4.495793,51.90563,811,8.9,2018/05/31 11:44:25+00,
4.495684,51.905677,812,9.1,2018/05/31 11:44:27+00,
4.495301,51.905837,813,10,2018/05/31 11:44:34+00,
4.494919,51.905992,814,11,2018/05/31 11:44:41+00,
4.494865,51.90601,815,11.1,2018/05/31 11:44:42+00,
4.494571,51.90614,816,12,2018/05/31 11:44:48+00,
4.494365,51.90623,817,12,2018/05/31 11:44:52+00,
4.494251,51.906269,818,11.8,2018/05/31 11:44:54+00,
4.493972,51.906402,819,11.3,2018/05/31 11:44:59+00,
4.493857,51.906448,820,11.1,2018/05/31 11:45:01+00,
4.493715,51.906538,821,10.8,2018/05/31 11:45:04+00,
4.493607,51.906596,822,10.6,2018/05/31 11:45:06+00,
4.493496,51.906645,823,10.4,2018/05/31 11:45:08+00,
4.493435,51.906666,824,10.3,2018/05/31 11:45:09+00,
4.493028,51.90682,825,9.3,2018/05/31 11:45:16+00,
4.49285,51.906887,826,8.6,2018/05/31 11:45:19+00,
4.492688,51.906953,827,8.1,2018/05/31 11:45:22+00,
4.492364,51.907076,828,7.3,2018/05/31 11:45:28+00,
4.492277,51.907125,829,7,2018/05/31 11:45:30+00,
4.492101,51.907231,830,7.2,2018/05/31 11:45:34+00,
4.491839,51.907295,831,7.4,2018/05/31 11:45:38+00,
4.491728,51.907336,832,7.6,2018/05/31 11:45:40+00,
4.491433,51.907453,833,7.9,2018/05/31 11:45:46+00,
4.491384,51.90751,834,8,2018/05/31 11:45:48+00,
4.491393,51.907546,835,8.1,2018/05/31 11:45:49+00,
4.491419,51.907579,836,8.1,2018/05/31 11:45:50+00,
4.491514,51.90764,837,8.2,2018/05/31 11:45:52+00,
4.491602,51.907697,838,8.3,2018/05/31 11:45:54+00,
4.491645,51.907723,839,8.3,2018/05/31 11:45:55+00,
4.491778,51.907807,840,8.3,2018/05/31 11:45:58+00,
4.492036,51.907959,841,8.2,2018/05/31 11:46:04+00,
4.49224,51.908076,842,8.1,2018/05/31 11:46:09+00,
4.492285,51.908092,843,8.1,2018/05/31 11:46:10+00,
4.492683,51.908159,844,7.8,2018/05/31 11:46:16+00,
4.492898,51.908149,845,7.6,2018/05/31 11:46:20+00,
4.492936,51.908124,846,7.5,2018/05/31 11:46:21+00,
4.493091,51.908033,847,7.1,2018/05/31 11:46:24+00,
4.493255,51.907974,848,7,2018/05/31 11:46:27+00,
4.493311,51.907947,849,7.3,2018/05/31 11:46:28+00,
4.493403,51.907906,850,7.7,2018/05/31 11:46:30+00,
4.493493,51.907871,851,8,2018/05/31 11:46:33+00,
4.493508,51.90785,852,8,2018/05/31 11:46:48+00,
4.493555,51.907885,853,8,2018/05/31 11:46:50+00,
4.493678,51.907992,854,8,2018/05/31 11:46:56+00,
4.493706,51.908021,855,8,2018/05/31 11:46:57+00,
4.493728,51.908069,856,8,2018/05/31 11:46:59+00,
4.493736,51.908121,857,8,2018/05/31 11:47:01+00,
4.493763,51.908183,858,8,2018/05/31 11:47:03+00,
4.493817,51.908233,859,7,2018/05/31 11:47:05+00,
4.494057,51.908436,860,3.6,2018/05/31 11:47:12+00,
4.494294,51.90867,861,3,2018/05/31 11:47:19+00,
4.494495,51.908876,862,3.4,2018/05/31 11:47:25+00,
4.494786,51.909132,863,3.8,2018/05/31 11:47:33+00,
4.494863,51.909201,864,4,2018/05/31 11:47:35+00,
4.495007,51.909336,865,4.4,2018/05/31 11:47:39+00,
4.495299,51.909613,866,6.4,2018/05/31 11:47:47+00,
4.495605,51.909906,867,5.7,2018/05/31 11:47:56+00,
4.495854,51.910176,868,4,2018/05/31 11:48:04+00,
4.495884,51.910208,869,4,2018/05/31 11:48:05+00,
4.495986,51.910333,870,4,2018/05/31 11:48:09+00,
4.496196,51.910507,871,3.9,2018/05/31 11:48:15+00,
4.496343,51.910666,872,4,2018/05/31 11:48:20+00,
4.496611,51.910812,873,4,2018/05/31 11:48:26+00,
4.496897,51.91096,874,4.3,2018/05/31 11:48:32+00,
4.497175,51.911123,875,4.7,2018/05/31 11:48:38+00,
4.497455,51.911277,876,5.1,2018/05/31 11:48:44+00,
4.497694,51.911404,877,5.5,2018/05/31 11:48:49+00,
4.497752,51.911432,878,5.6,2018/05/31 11:48:50+00,
4.498026,51.911589,879,6.3,2018/05/31 11:48:56+00,
4.498354,51.911769,880,6.8,2018/05/31 11:49:02+00,
4.498453,51.911827,881,7,2018/05/31 11:49:04+00,
4.498752,51.911995,882,7.7,2018/05/31 11:49:11+00,
4.498963,51.912071,883,8,2018/05/31 11:49:16+00,
4.49909,51.912139,884,8,2018/05/31 11:49:20+00,
4.499098,51.912159,885,8,2018/05/31 11:49:21+00,
4.499085,51.91218,886,8,2018/05/31 11:49:22+00,
4.498963,51.912292,887,8,2018/05/31 11:49:27+00,
4.498839,51.912398,888,8,2018/05/31 11:49:31+00,
4.498747,51.912429,889,8,2018/05/31 11:49:33+00,
4.498489,51.912583,890,6.9,2018/05/31 11:49:39+00,
4.498151,51.912812,891,5.7,2018/05/31 11:49:47+00,
4.497869,51.912997,892,5.2,2018/05/31 11:49:54+00,
4.497641,51.913166,893,4.7,2018/05/31 11:50:00+00,
4.49742,51.913358,894,4.1,2018/05/31 11:50:06+00,
4.49739,51.913441,895,3.7,2018/05/31 11:50:08+00,
4.497427,51.913523,896,3.5,2018/05/31 11:50:10+00,
4.497604,51.913598,897,3.1,2018/05/31 11:50:13+00,
4.497666,51.913627,898,3,2018/05/31 11:50:14+00,
4.497901,51.913764,899,2.8,2018/05/31 11:50:18+00,
4.498239,51.913953,900,2.5,2018/05/31 11:50:24+00,
4.498353,51.914008,901,2.4,2018/05/31 11:50:26+00,
4.498407,51.914035,902,2.4,2018/05/31 11:50:27+00,
4.498559,51.914118,903,2.2,2018/05/31 11:50:30+00,
4.498974,51.91435,904,1.7,2018/05/31 11:50:38+00,
4.49907,51.914484,905,1,2018/05/31 11:50:42+00,
4.499094,51.914675,906,1,2018/05/31 11:50:47+00,
4.499073,51.914714,907,1,2018/05/31 11:50:48+00,
4.498976,51.914805,908,1.2,2018/05/31 11:50:51+00,
4.498943,51.914837,909,1.2,2018/05/31 11:50:52+00,
4.498741,51.915004,910,1.5,2018/05/31 11:50:58+00,
4.498592,51.91511,911,1.7,2018/05/31 11:51:02+00,
4.498554,51.915137,912,1.8,2018/05/31 11:51:03+00,
4.498373,51.915277,913,2.2,2018/05/31 11:51:08+00,
4.498341,51.915299,914,2.3,2018/05/31 11:51:09+00,
4.498182,51.915436,915,3.2,2018/05/31 11:51:14+00,
4.498123,51.915481,916,3.5,2018/05/31 11:51:16+00,
4.498002,51.915581,917,4,2018/05/31 11:51:20+00,
4.497832,51.915703,918,4.8,2018/05/31 11:51:25+00,
4.497762,51.915758,919,5,2018/05/31 11:51:27+00,
4.497594,51.915878,920,5.1,2018/05/31 11:51:32+00,
4.497502,51.915945,921,5.2,2018/05/31 11:51:35+00,
4.497418,51.916004,922,5.3,2018/05/31 11:51:38+00,
4.497304,51.916093,923,5.5,2018/05/31 11:51:42+00,
4.497276,51.916116,924,5.5,2018/05/31 11:51:43+00,
4.497054,51.916295,925,5.9,2018/05/31 11:51:51+00,
4.49686,51.916448,926,6.1,2018/05/31 11:51:58+00,
4.496777,51.916518,927,6.1,2018/05/31 11:52:01+00,
4.496616,51.91664,928,6.5,2018/05/31 11:52:06+00,
4.496584,51.916662,929,6.6,2018/05/31 11:52:07+00,
4.496365,51.916844,930,6.8,2018/05/31 11:52:14+00,
4.49609,51.917078,931,7,2018/05/31 11:52:23+00,
4.496066,51.917101,932,7,2018/05/31 11:52:24+00,
4.495885,51.917255,933,7.4,2018/05/31 11:52:31+00,
4.495635,51.917466,934,7.3,2018/05/31 11:52:39+00,
4.495327,51.917715,935,6.9,2018/05/31 11:52:48+00,
4.495065,51.917933,936,5.8,2018/05/31 11:52:55+00,
4.494983,51.917998,937,5.7,2018/05/31 11:52:57+00,
4.494746,51.918199,938,5.8,2018/05/31 11:53:03+00,
4.494705,51.918233,939,5.7,2018/05/31 11:53:04+00,
4.494533,51.918366,940,5.2,2018/05/31 11:53:08+00,
4.494483,51.918393,941,4.9,2018/05/31 11:53:09+00,
4.494374,51.918442,942,4.4,2018/05/31 11:53:11+00,
4.494314,51.91846,943,4.2,2018/05/31 11:53:12+00,
4.494115,51.918488,944,3.7,2018/05/31 11:53:15+00,
4.494047,51.91849,945,3.6,2018/05/31 11:53:16+00,
4.493716,51.918423,946,3.1,2018/05/31 11:53:21+00,
4.493596,51.918379,947,2.9,2018/05/31 11:53:23+00,
4.493401,51.918306,948,2.5,2018/05/31 11:53:26+00,
4.493187,51.918226,949,1.7,2018/05/31 11:53:29+00,
4.492957,51.918135,950,0.4,2018/05/31 11:53:32+00,
4.492644,51.918021,951,0,2018/05/31 11:53:36+00,
4.492482,51.91795,952,-0.1,2018/05/31 11:53:38+00,
4.492183,51.917779,953,-0.1,2018/05/31 11:53:42+00,
4.492112,51.917731,954,-0.1,2018/05/31 11:53:43+00,
4.491737,51.917476,955,2.9,2018/05/31 11:53:49+00,
4.491623,51.917412,956,4,2018/05/31 11:53:51+00,
4.491497,51.917406,957,4,2018/05/31 11:53:53+00,
4.491317,51.917488,958,4.2,2018/05/31 11:53:57+00,
4.491278,51.917515,959,4.2,2018/05/31 11:53:58+00,
4.490995,51.917707,960,4.5,2018/05/31 11:54:05+00,
4.490952,51.917735,961,4.6,2018/05/31 11:54:06+00,
4.490651,51.917966,962,4.8,2018/05/31 11:54:13+00,
4.490278,51.918218,963,4.4,2018/05/31 11:54:21+00,
4.489994,51.918415,964,4.1,2018/05/31 11:54:27+00,
4.489869,51.918523,965,4.3,2018/05/31 11:54:30+00,
4.489832,51.91856,966,4.4,2018/05/31 11:54:31+00,
4.489708,51.918724,967,5,2018/05/31 11:54:35+00,
4.489667,51.918763,968,5.2,2018/05/31 11:54:36+00,
4.489552,51.91887,969,5.6,2018/05/31 11:54:39+00,
4.489441,51.918997,970,6.1,2018/05/31 11:54:42+00,
4.489361,51.919079,971,6.4,2018/05/31 11:54:44+00,
4.489203,51.919218,972,6.9,2018/05/31 11:54:48+00,
4.489114,51.919294,973,7.5,2018/05/31 11:54:52+00,
4.489044,51.919293,974,7.8,2018/05/31 11:54:59+00,
4.489012,51.919284,975,8,2018/05/31 11:55:00+00,
4.488987,51.919267,976,8,2018/05/31 11:55:01+00,
4.488882,51.919219,977,8,2018/05/31 11:55:05+00,
4.488855,51.919215,978,8,2018/05/31 11:55:06+00,
4.488817,51.919225,979,8,2018/05/31 11:55:08+00,
4.4888,51.919229,980,8,2018/05/31 11:55:09+00,
4.488746,51.919221,981,8,2018/05/31 11:55:11+00,
4.488698,51.919217,982,8,2018/05/31 11:55:12+00,
4.488649,51.919214,983,8,2018/05/31 11:55:13+00,
4.488491,51.919199,984,8.2,2018/05/31 11:55:16+00,
4.488444,51.919199,985,8.3,2018/05/31 11:55:17+00,
4.488381,51.919195,986,8.4,2018/05/31 11:55:18+00,
4.488104,51.919155,987,9,2018/05/31 11:55:23+00,
4.487923,51.919138,988,9.3,2018/05/31 11:55:27+00,
4.487677,51.919139,989,9.7,2018/05/31 11:55:32+00,
4.487589,51.919093,990,9.9,2018/05/31 11:55:35+00,
4.487574,51.919052,991,10.1,2018/05/31 11:55:36+00,
4.487571,51.918992,992,10.3,2018/05/31 11:55:38+00,
4.487591,51.91892,993,11,2018/05/31 11:55:40+00,
4.487587,51.918614,994,11,2018/05/31 11:55:46+00,
4.487584,51.918567,995,7.6,2018/05/31 11:55:47+00,
4.487565,51.918492,996,6.3,2018/05/31 11:55:49+00,
4.487557,51.918468,997,5.9,2018/05/31 11:55:50+00,
4.487569,51.918348,998,4,2018/05/31 11:55:52+00,
4.487629,51.918196,999,4,2018/05/31 11:55:55+00,
4.4877,51.918063,1000,4,2018/05/31 11:55:58+00,
4.487727,51.918024,1001,4,2018/05/31 11:55:59+00,
4.487792,51.917994,1002,4,2018/05/31 11:56:00+00,
4.48803,51.917955,1003,5.2,2018/05/31 11:56:03+00,
4.48829,51.918027,1004,6,2018/05/31 11:56:07+00,
4.48856,51.91809,1005,5.4,2018/05/31 11:56:12+00,
4.488778,51.918105,1006,4.4,2018/05/31 11:56:17+00,
4.488841,51.918122,1007,4.2,2018/05/31 11:56:19+00,
4.488879,51.918161,1008,4.1,2018/05/31 12:03:33+00,
4.488865,51.918195,1009,4.1,2018/05/31 12:03:35+00,
4.488857,51.918213,1010,4.1,2018/05/31 12:03:36+00,
4.488797,51.918304,1011,5.5,2018/05/31 12:03:40+00,
4.488785,51.918344,1012,6.2,2018/05/31 12:03:42+00,
4.488646,51.918451,1013,7.1,2018/05/31 12:03:48+00,
4.488596,51.918513,1014,7.6,2018/05/31 12:03:51+00,
4.488647,51.918683,1015,7.8,2018/05/31 12:03:57+00,
4.488692,51.918725,1016,8.1,2018/05/31 12:03:58+00,
4.488703,51.918756,1017,8.5,2018/05/31 12:03:59+00,
4.48868,51.918825,1018,8.9,2018/05/31 12:04:02+00,
4.488608,51.918858,1019,9.3,2018/05/31 12:04:05+00,
4.488617,51.918875,1020,9.3,2018/05/31 12:04:06+00,
4.488745,51.918907,1021,9.2,2018/05/31 12:04:12+00,
4.488839,51.918819,1022,8.8,2018/05/31 12:04:16+00,
4.488866,51.918806,1023,8.8,2018/05/31 12:04:17+00,
4.488911,51.918786,1024,8.8,2018/05/31 12:04:18+00,
4.488961,51.918554,1025,8.9,2018/05/31 12:04:24+00,
4.488929,51.918466,1026,8.9,2018/05/31 12:04:25+00,
4.488854,51.918295,1027,9,2018/05/31 12:04:27+00,
4.488748,51.918103,1028,8.2,2018/05/31 12:04:30+00,
4.488697,51.918,1029,7.8,2018/05/31 12:04:32+00,
4.488801,51.917771,1030,5,2018/05/31 12:04:36+00,
4.48889,51.917665,1031,5,2018/05/31 12:04:37+00,
4.48897,51.917566,1032,5,2018/05/31 12:04:38+00,
4.489098,51.917387,1033,5.7,2018/05/31 12:04:40+00,
4.489295,51.917146,1034,5,2018/05/31 12:04:44+00,
4.489452,51.91693,1035,4.7,2018/05/31 12:04:48+00,
4.489418,51.916919,1036,4.7,2018/05/31 12:04:49+00,
4.489384,51.916923,1037,4.6,2018/05/31 12:04:50+00,
4.489351,51.916935,1038,4.6,2018/05/31 12:04:51+00,
4.489291,51.916961,1039,4.6,2018/05/31 12:04:53+00,
4.489227,51.91705,1040,4.7,2018/05/31 12:04:54+00,
4.489169,51.917131,1041,4.8,2018/05/31 12:04:55+00,
4.489114,51.9172,1042,4.9,2018/05/31 12:04:56+00,
4.489063,51.917264,1043,6.4,2018/05/31 12:04:57+00,
4.489015,51.917322,1044,5.8,2018/05/31 12:04:58+00,
4.488968,51.917381,1045,5.3,2018/05/31 12:04:59+00,
4.488894,51.917482,1046,5,2018/05/31 12:05:01+00,
4.488458,51.918127,1047,13.5,2018/05/31 12:06:54+00,
4.488447,51.918155,1048,13.2,2018/05/31 12:06:56+00,
4.488343,51.918268,1049,13.4,2018/05/31 12:07:03+00,
4.488216,51.918377,1050,13.1,2018/05/31 12:07:06+00,
4.488168,51.918747,1051,12.2,2018/05/31 12:07:12+00,
4.488243,51.918828,1052,11.5,2018/05/31 12:07:13+00,
4.48822,51.919437,1053,9.4,2018/05/31 12:15:17+00,
4.48822,51.919424,1054,8.9,2018/05/31 12:15:18+00,
4.488263,51.918992,1055,9.6,2018/05/31 12:19:29+00,
4.488323,51.91907,1056,9.5,2018/05/31 12:19:31+00,
4.488367,51.919072,1057,9.4,2018/05/31 12:19:32+00,
4.488387,51.919072,1058,9.4,2018/05/31 12:19:33+00,
4.488404,51.91908,1059,9.4,2018/05/31 12:19:34+00,
4.488429,51.919093,1060,9.3,2018/05/31 12:19:35+00,
4.488487,51.919112,1061,9.2,2018/05/31 12:19:37+00,
4.488586,51.919133,1062,9,2018/05/31 12:19:40+00,
4.488799,51.919218,1063,8,2018/05/31 12:20:34+00,
4.488924,51.91927,1064,8,2018/05/31 12:20:38+00,
4.489087,51.919348,1065,8,2018/05/31 12:20:44+00,
4.489159,51.919452,1066,8,2018/05/31 12:21:21+00,
4.489136,51.91948,1067,8,2018/05/31 12:21:23+00,
4.488977,51.919629,1068,8,2018/05/31 12:21:31+00,
4.488946,51.9197,1069,8.1,2018/05/31 12:21:36+00,
4.489131,51.919765,1070,8.1,2018/05/31 12:21:41+00,
4.489421,51.919883,1071,8.1,2018/05/31 12:21:47+00,
4.489523,51.919926,1072,8.1,2018/05/31 12:21:49+00,
4.490092,51.92015,1073,8,2018/05/31 12:22:00+00,
4.490526,51.920338,1074,8.1,2018/05/31 12:22:09+00,
4.490625,51.920488,1075,8,2018/05/31 12:22:15+00,
4.490717,51.920484,1076,8,2018/05/31 12:22:21+00,
4.490736,51.920467,1077,8,2018/05/31 12:22:22+00,
4.490918,51.920354,1078,8,2018/05/31 12:22:27+00,
4.490968,51.920331,1079,8,2018/05/31 12:22:28+00,
4.491107,51.920298,1080,8,2018/05/31 12:22:31+00,
4.491243,51.920279,1081,8,2018/05/31 12:22:34+00,
4.491365,51.920282,1082,8,2018/05/31 12:22:37+00,
4.491439,51.920314,1083,8,2018/05/31 12:22:39+00,
4.49178,51.920481,1084,8,2018/05/31 12:22:47+00,
4.491866,51.920526,1085,8,2018/05/31 12:22:49+00,
4.491956,51.920599,1086,8,2018/05/31 12:22:51+00,
4.491999,51.920646,1087,7.9,2018/05/31 12:22:52+00,
4.492049,51.920694,1088,7.9,2018/05/31 12:22:53+00,
4.492099,51.92074,1089,7.9,2018/05/31 12:22:54+00,
4.492155,51.920795,1090,7.9,2018/05/31 12:22:55+00,
4.492216,51.920864,1091,7.7,2018/05/31 12:22:56+00,
4.492272,51.920918,1092,7.5,2018/05/31 12:22:57+00,
4.492317,51.920963,1093,7.4,2018/05/31 12:22:58+00,
4.492361,51.921004,1094,7.4,2018/05/31 12:22:59+00,
4.492405,51.921043,1095,7.3,2018/05/31 12:23:00+00,
4.492456,51.92108,1096,7.3,2018/05/31 12:23:01+00,
4.492517,51.921115,1097,7.2,2018/05/31 12:23:02+00,
4.492631,51.921184,1098,7.2,2018/05/31 12:23:04+00,
4.492749,51.921258,1099,7.1,2018/05/31 12:23:06+00,
4.492811,51.921292,1100,7.1,2018/05/31 12:23:07+00,
4.49287,51.921325,1101,7,2018/05/31 12:23:08+00,
4.49336,51.921384,1102,7,2018/05/31 12:23:15+00,
4.493823,51.921535,1103,7.2,2018/05/31 12:23:23+00,
4.493883,51.921575,1104,7.3,2018/05/31 12:23:24+00,
4.493944,51.921622,1105,7.3,2018/05/31 12:23:25+00,
4.494076,51.92171,1106,7.3,2018/05/31 12:23:27+00,
4.494202,51.921779,1107,7.3,2018/05/31 12:23:29+00,
4.494269,51.921819,1108,7.2,2018/05/31 12:23:30+00,
4.494436,51.921864,1109,7,2018/05/31 12:23:32+00,
4.494612,51.921888,1110,7.1,2018/05/31 12:23:34+00,
4.494747,51.921951,1111,7.2,2018/05/31 12:23:36+00,
4.49493,51.922037,1112,7.4,2018/05/31 12:23:39+00,
4.494981,51.922066,1113,7.5,2018/05/31 12:23:40+00,
4.495135,51.922136,1114,7.7,2018/05/31 12:23:43+00,
4.495237,51.922181,1115,7.9,2018/05/31 12:23:45+00,
4.495359,51.922231,1116,8,2018/05/31 12:23:47+00,
4.495549,51.922309,1117,8.3,2018/05/31 12:23:50+00,
4.495668,51.922345,1118,8.4,2018/05/31 12:23:52+00,
4.49619,51.922491,1119,9,2018/05/31 12:24:01+00,
4.496516,51.922604,1120,7,2018/05/31 12:24:07+00,
4.496636,51.922546,1121,7.9,2018/05/31 12:24:09+00,
4.496691,51.922512,1122,8.4,2018/05/31 12:24:10+00,
4.496728,51.922499,1123,8.7,2018/05/31 12:24:11+00,
4.496752,51.922481,1124,9,2018/05/31 12:24:12+00,
4.496787,51.922468,1125,9.3,2018/05/31 12:24:44+00,
4.496812,51.922464,1126,10,2018/05/31 12:24:45+00,
4.496836,51.922463,1127,10,2018/05/31 12:24:46+00,
4.496882,51.922465,1128,10,2018/05/31 12:24:48+00,
4.496922,51.922482,1129,10,2018/05/31 12:24:50+00,
4.496949,51.922492,1130,9.6,2018/05/31 12:24:51+00,
4.496976,51.922501,1131,9.4,2018/05/31 12:24:52+00,
4.497009,51.922506,1132,9.2,2018/05/31 12:24:53+00,
4.497076,51.922505,1133,8.9,2018/05/31 12:24:55+00,
4.497108,51.922508,1134,8.7,2018/05/31 12:24:56+00,
4.497139,51.922513,1135,8.5,2018/05/31 12:24:57+00,
4.49717,51.922523,1136,8.4,2018/05/31 12:24:58+00,
4.497229,51.922554,1137,8,2018/05/31 12:25:00+00,
4.497291,51.92259,1138,8,2018/05/31 12:25:02+00,
4.497323,51.922647,1139,8,2018/05/31 12:25:06+00,
4.497305,51.92266,1140,8,2018/05/31 12:25:25+00,
4.497275,51.922685,1141,8,2018/05/31 12:25:27+00,
4.497175,51.922807,1142,8,2018/05/31 12:25:33+00,
4.497043,51.922982,1143,8,2018/05/31 12:25:40+00,
4.497016,51.923005,1144,8,2018/05/31 12:25:41+00,
4.496874,51.923124,1145,8.2,2018/05/31 12:25:46+00,
4.496745,51.92328,1146,8.4,2018/05/31 12:25:51+00,
4.496555,51.923554,1147,8.9,2018/05/31 12:25:58+00,
4.496309,51.923796,1148,9,2018/05/31 12:26:04+00,
4.496236,51.923882,1149,9,2018/05/31 12:26:06+00,
4.496189,51.923959,1150,9,2018/05/31 12:26:08+00,
4.496173,51.924028,1151,9,2018/05/31 12:26:10+00,
4.496132,51.924297,1152,9,2018/05/31 12:26:17+00,
4.496108,51.924541,1153,9,2018/05/31 12:26:23+00,
4.496112,51.924629,1154,8.8,2018/05/31 12:26:25+00,
4.496122,51.924671,1155,8.7,2018/05/31 12:26:26+00,
4.496136,51.924759,1156,8.4,2018/05/31 12:26:28+00,
4.496157,51.924954,1157,7.5,2018/05/31 12:26:32+00,
4.496169,51.925101,1158,6.8,2018/05/31 12:26:35+00,
4.496186,51.925296,1159,5.8,2018/05/31 12:26:39+00,
4.496205,51.925459,1160,5,2018/05/31 12:26:42+00,
4.496224,51.925727,1161,2.9,2018/05/31 12:26:47+00,
4.496282,51.925918,1162,2,2018/05/31 12:26:52+00,
4.496309,51.925951,1163,2,2018/05/31 12:26:53+00,
4.496362,51.926048,1164,2,2018/05/31 12:26:56+00,
4.496518,51.926064,1165,2.5,2018/05/31 12:26:59+00,
4.496829,51.92607,1166,3.6,2018/05/31 12:27:05+00,
4.497084,51.926063,1167,4,2018/05/31 12:27:10+00,
4.497254,51.926052,1168,4,2018/05/31 12:27:13+00,
4.497498,51.926047,1169,4,2018/05/31 12:27:17+00,
4.497557,51.926059,1170,4,2018/05/31 12:27:18+00,
4.49775,51.926112,1171,4,2018/05/31 12:27:22+00,
4.497801,51.92617,1172,4,2018/05/31 12:27:24+00,
4.497828,51.92627,1173,4,2018/05/31 12:27:27+00,
4.497879,51.926454,1174,3.9,2018/05/31 12:27:33+00,
4.497888,51.926513,1175,3.9,2018/05/31 12:27:35+00,
4.497894,51.926602,1176,3.9,2018/05/31 12:27:38+00,
4.4979,51.926634,1177,3.9,2018/05/31 12:27:39+00,
4.497928,51.926785,1178,3.9,2018/05/31 12:27:44+00,
4.49795,51.926926,1179,4,2018/05/31 12:27:48+00,
4.497964,51.926966,1180,4,2018/05/31 12:27:49+00,
4.497994,51.927091,1181,4,2018/05/31 12:27:54+00,
4.49805,51.927115,1182,4,2018/05/31 12:27:58+00,
4.49807,51.927125,1183,4,2018/05/31 12:27:59+00,
4.498091,51.927134,1184,4,2018/05/31 12:28:00+00,
4.498107,51.927151,1185,4,2018/05/31 12:28:02+00,
4.498111,51.92718,1186,4,2018/05/31 12:28:03+00,
4.498117,51.927289,1187,3.7,2018/05/31 12:28:06+00,
4.498123,51.927372,1188,3.1,2018/05/31 12:28:08+00,
4.498138,51.927488,1189,2.3,2018/05/31 12:28:11+00,
4.498151,51.927569,1190,1.7,2018/05/31 12:28:13+00,
4.498177,51.927832,1191,1.3,2018/05/31 12:28:19+00,
4.498209,51.928034,1192,1.4,2018/05/31 12:28:24+00,
4.498279,51.928216,1193,1.5,2018/05/31 12:28:28+00,
4.498348,51.928347,1194,1.6,2018/05/31 12:28:31+00,
4.498394,51.928421,1195,1.6,2018/05/31 12:28:33+00,
4.498435,51.928486,1196,1.7,2018/05/31 12:28:35+00,
4.498459,51.92852,1197,1.7,2018/05/31 12:28:36+00,
4.49851,51.92859,1198,1.8,2018/05/31 12:28:38+00,
4.498546,51.928682,1199,1.9,2018/05/31 12:28:41+00,
4.498531,51.928786,1200,2,2018/05/31 12:28:46+00,
4.498465,51.928842,1201,2,2018/05/31 12:28:50+00,
4.498459,51.928861,1202,2,2018/05/31 12:28:51+00,
4.49848,51.928966,1203,1.9,2018/05/31 12:28:55+00,
4.498377,51.929205,1204,1.9,2018/05/31 12:39:53+00,
4.498404,51.929226,1205,1.9,2018/05/31 12:39:54+00,
4.498556,51.929384,1206,1.9,2018/05/31 12:39:59+00,
4.498682,51.929522,1207,1.9,2018/05/31 12:40:04+00,
4.498781,51.929616,1208,1.9,2018/05/31 12:40:09+00,
4.498805,51.929645,1209,1.9,2018/05/31 12:40:10+00,
4.498832,51.929677,1210,1.9,2018/05/31 12:40:11+00,
4.498881,51.929748,1211,1.9,2018/05/31 12:40:13+00,
4.498933,51.929822,1212,1.9,2018/05/31 12:40:15+00,
4.499094,51.930003,1213,1.9,2018/05/31 12:40:21+00,
4.49925,51.930173,1214,1.9,2018/05/31 12:40:27+00,
4.49931,51.930235,1215,1.9,2018/05/31 12:40:29+00,
4.499352,51.930304,1216,1.9,2018/05/31 12:40:31+00,
4.4994,51.930378,1217,1.9,2018/05/31 12:40:33+00,
4.499432,51.930412,1218,1.9,2018/05/31 12:40:34+00,
4.499562,51.930581,1219,2,2018/05/31 12:40:39+00,
4.499593,51.930614,1220,2,2018/05/31 12:40:40+00,
4.499682,51.930709,1221,2,2018/05/31 12:40:43+00,
4.499841,51.93088,1222,1.9,2018/05/31 12:40:48+00,
4.499896,51.930949,1223,1.8,2018/05/31 12:40:50+00,
4.500034,51.931126,1224,1.9,2018/05/31 12:40:55+00,
4.500265,51.931417,1225,2.1,2018/05/31 12:41:04+00,
4.500435,51.931635,1226,2.4,2018/05/31 12:41:10+00,
4.500568,51.931784,1227,2.6,2018/05/31 12:41:14+00,
4.500657,51.931845,1228,2.7,2018/05/31 12:41:16+00,
4.500871,51.931954,1229,2.8,2018/05/31 12:41:20+00,
4.500983,51.931996,1230,2.9,2018/05/31 12:41:22+00,
4.501391,51.932146,1231,3,2018/05/31 12:41:29+00,
4.50172,51.93226,1232,3,2018/05/31 12:41:35+00,
4.501958,51.932334,1233,3,2018/05/31 12:41:40+00,
4.502143,51.932387,1234,3,2018/05/31 12:41:44+00,
4.502268,51.932354,1235,3,2018/05/31 12:41:47+00,
4.502354,51.932329,1236,3,2018/05/31 12:41:49+00,
4.502675,51.93222,1237,3,2018/05/31 12:41:56+00,
4.502718,51.932203,1238,3,2018/05/31 12:41:57+00,
4.502895,51.932138,1239,3,2018/05/31 12:42:01+00,
4.503177,51.932042,1240,3,2018/05/31 12:42:07+00,
4.503452,51.931937,1241,3,2018/05/31 12:42:13+00,
4.503779,51.931849,1242,3,2018/05/31 12:42:20+00,
4.503845,51.931804,1243,3,2018/05/31 12:48:14+00,
4.503811,51.931803,1244,3,2018/05/31 12:48:16+00,
4.50373,51.931822,1245,3,2018/05/31 12:48:22+00,
4.503634,51.931882,1246,3,2018/05/31 12:48:28+00,
4.503577,51.931928,1247,3,2018/05/31 12:49:51+00,
4.503496,51.93197,1248,3,2018/05/31 12:49:54+00,
4.503432,51.93198,1249,3,2018/05/31 12:49:56+00,
4.503339,51.932019,1250,3,2018/05/31 12:49:59+00,
4.503301,51.932031,1251,3,2018/05/31 12:50:00+00,
4.503104,51.932096,1252,3,2018/05/31 12:50:05+00,
4.503068,51.932116,1253,3,2018/05/31 12:50:06+00,
4.502954,51.932162,1254,3,2018/05/31 12:50:09+00,
4.502821,51.932202,1255,3,2018/05/31 12:50:12+00,
4.502565,51.932309,1256,3,2018/05/31 12:50:18+00,
4.502431,51.932355,1257,3,2018/05/31 12:50:21+00,
4.50239,51.932408,1258,3,2018/05/31 12:50:23+00,
4.502441,51.932498,1259,2.7,2018/05/31 12:50:26+00,
4.502469,51.93253,1260,2.7,2018/05/31 12:50:27+00,
4.502498,51.932559,1261,2.6,2018/05/31 12:50:28+00,
4.502616,51.932682,1262,2.4,2018/05/31 12:50:33+00,
4.502685,51.932768,1263,2.3,2018/05/31 12:50:36+00,
4.502783,51.93289,1264,2.1,2018/05/31 12:50:40+00,
4.502805,51.932916,1265,2,2018/05/31 12:50:41+00,
4.502923,51.933083,1266,1.8,2018/05/31 12:50:46+00,
4.503042,51.933219,1267,1.7,2018/05/31 12:50:51+00,
4.503198,51.933457,1268,1.2,2018/05/31 12:50:58+00,
4.503342,51.933586,1269,1,2018/05/31 12:51:03+00,
4.503449,51.933728,1270,1,2018/05/31 12:51:08+00,
4.503443,51.933863,1271,0.7,2018/05/31 12:51:12+00,
4.503509,51.934094,1272,0.3,2018/05/31 12:51:19+00,
4.503644,51.934249,1273,0,2018/05/31 12:51:25+00,
4.503725,51.934369,1274,0,2018/05/31 12:51:30+00,
4.503846,51.934545,1275,0,2018/05/31 12:51:36+00,
4.503945,51.934685,1276,0.5,2018/05/31 12:51:41+00,
4.503987,51.934741,1277,0.7,2018/05/31 12:51:43+00,
4.504067,51.934845,1278,0.9,2018/05/31 12:51:47+00,
4.504121,51.934914,1279,1.1,2018/05/31 12:51:50+00,
4.504147,51.934944,1280,1.2,2018/05/31 12:51:51+00,
4.504208,51.935026,1281,1.5,2018/05/31 12:51:54+00,
4.504235,51.935063,1282,1.7,2018/05/31 12:51:55+00,
4.504314,51.935156,1283,2,2018/05/31 12:51:59+00,
4.504425,51.93529,1284,2,2018/05/31 12:52:04+00,
4.504454,51.93535,1285,2.1,2018/05/31 12:52:06+00,
4.504535,51.935444,1286,2.1,2018/05/31 12:52:09+00,
4.504609,51.935537,1287,2.2,2018/05/31 12:52:12+00,
4.504675,51.93564,1288,2.2,2018/05/31 12:52:15+00,
4.504758,51.935743,1289,2.2,2018/05/31 12:52:18+00,
4.504834,51.935839,1290,2.3,2018/05/31 12:52:21+00,
4.504912,51.935961,1291,2.4,2018/05/31 12:52:25+00,
4.50502,51.936126,1292,2.8,2018/05/31 12:52:30+00,
4.50519,51.936319,1293,3,2018/05/31 12:52:35+00,
4.505289,51.93647,1294,5.9,2018/05/31 12:52:39+00,
4.505361,51.936591,1295,6.4,2018/05/31 12:52:42+00,
4.505402,51.936709,1296,6.6,2018/05/31 12:52:45+00,
4.505408,51.936749,1297,6.6,2018/05/31 12:52:46+00,
4.505444,51.936964,1298,6.9,2018/05/31 12:52:51+00,
4.505462,51.937001,1299,7,2018/05/31 12:52:52+00,
4.505511,51.937106,1300,7.1,2018/05/31 12:52:55+00,
4.505581,51.937239,1301,7.3,2018/05/31 12:52:59+00,
4.505598,51.937272,1302,7.4,2018/05/31 12:53:00+00,
4.50564,51.937378,1303,7.6,2018/05/31 12:53:03+00,
4.505665,51.937486,1304,7.8,2018/05/31 12:53:06+00,
4.505671,51.937594,1305,8,2018/05/31 12:53:09+00,
4.505703,51.93763,1306,8,2018/05/31 12:53:10+00,
4.505784,51.937699,1307,6.8,2018/05/31 12:53:12+00,
4.505886,51.937812,1308,5.5,2018/05/31 12:53:15+00,
4.50596,51.937881,1309,4.9,2018/05/31 12:53:17+00,
4.506166,51.938017,1310,4.6,2018/05/31 12:53:22+00,
4.506366,51.938123,1311,4.4,2018/05/31 12:53:27+00,
4.506405,51.93815,1312,4.4,2018/05/31 12:53:28+00,
4.506564,51.938317,1313,4.6,2018/05/31 12:53:33+00,
4.506714,51.938596,1314,5,2018/05/31 12:53:40+00,
4.506868,51.938863,1315,5.5,2018/05/31 12:53:47+00,
4.506907,51.938945,1316,5.7,2018/05/31 12:53:49+00,
4.506999,51.939101,1317,6.1,2018/05/31 12:53:53+00,
4.5071,51.939274,1318,6.5,2018/05/31 12:53:58+00,
4.507183,51.939428,1319,6.9,2018/05/31 12:54:02+00,
4.507237,51.939504,1320,7.1,2018/05/31 12:54:04+00,
4.507254,51.939551,1321,7.4,2018/05/31 12:54:05+00,
4.507284,51.93959,1322,7.6,2018/05/31 12:54:06+00,
4.507336,51.939662,1323,8,2018/05/31 12:54:08+00,
4.507421,51.93981,1324,8.9,2018/05/31 12:54:12+00,
4.507474,51.939913,1325,8,2018/05/31 12:54:15+00,
4.507489,51.939988,1326,7.4,2018/05/31 12:54:17+00,
4.507488,51.940035,1327,6.9,2018/05/31 12:54:18+00,
4.507492,51.940132,1328,6.1,2018/05/31 12:54:20+00,
4.507524,51.940228,1329,5.1,2018/05/31 12:54:22+00,
4.507578,51.940317,1330,4.1,2018/05/31 12:54:24+00,
4.507619,51.940355,1331,3.6,2018/05/31 12:54:25+00,
4.507837,51.940464,1332,3,2018/05/31 12:54:29+00,
4.50789,51.940493,1333,3.1,2018/05/31 12:54:30+00,
4.508234,51.940646,1334,3.3,2018/05/31 12:54:36+00,
4.508291,51.940658,1335,3.3,2018/05/31 12:54:37+00,
4.508474,51.940712,1336,3.5,2018/05/31 12:54:40+00,
4.508532,51.940737,1337,3.5,2018/05/31 12:54:41+00,
4.508822,51.940843,1338,3.6,2018/05/31 12:54:46+00,
4.50897,51.940897,1339,3.7,2018/05/31 12:54:49+00,
4.509052,51.940932,1340,3.8,2018/05/31 12:54:51+00,
4.509182,51.94097,1341,3.8,2018/05/31 12:54:54+00,
4.509332,51.941016,1342,3.8,2018/05/31 12:54:57+00,
4.509421,51.941053,1343,3.9,2018/05/31 12:54:59+00,
4.509592,51.941101,1344,3.9,2018/05/31 12:55:02+00,
4.509898,51.941238,1345,4,2018/05/31 12:55:07+00,
4.509968,51.941261,1346,4,2018/05/31 12:55:08+00,
4.510346,51.941368,1347,4,2018/05/31 12:55:14+00,
4.510709,51.941498,1348,4,2018/05/31 12:55:19+00,
4.510842,51.941543,1349,4.1,2018/05/31 12:55:21+00,
4.510974,51.941592,1350,4.1,2018/05/31 12:55:23+00,
4.511099,51.94164,1351,4.1,2018/05/31 12:55:25+00,
4.511237,51.94168,1352,4.1,2018/05/31 12:55:27+00,
4.511311,51.941701,1353,4.1,2018/05/31 12:55:28+00,
4.511438,51.94175,1354,4.1,2018/05/31 12:55:30+00,
4.5115,51.941772,1355,4.1,2018/05/31 12:55:31+00,
4.511621,51.94181,1356,4.1,2018/05/31 12:55:33+00,
4.511895,51.941906,1357,4.1,2018/05/31 12:55:37+00,
4.512159,51.941977,1358,4.1,2018/05/31 12:55:41+00,
4.51234,51.942026,1359,4,2018/05/31 12:55:44+00,
4.512399,51.942042,1360,4,2018/05/31 12:55:45+00,
4.512551,51.942119,1361,3.9,2018/05/31 12:55:48+00,
4.512596,51.942148,1362,3.8,2018/05/31 12:55:49+00,
4.512861,51.942248,1363,3.3,2018/05/31 12:55:53+00,
4.512944,51.942278,1364,3.2,2018/05/31 12:55:54+00,
4.513025,51.942306,1365,3,2018/05/31 12:55:55+00,
4.513181,51.942355,1366,2.4,2018/05/31 12:55:57+00,
4.513257,51.94238,1367,2.1,2018/05/31 12:55:58+00,
4.513399,51.942423,1368,2,2018/05/31 12:56:00+00,
4.513537,51.942462,1369,2,2018/05/31 12:56:02+00,
4.513601,51.942486,1370,2,2018/05/31 12:56:03+00,
4.513736,51.942528,1371,2,2018/05/31 12:56:05+00,
4.513805,51.942549,1372,2,2018/05/31 12:56:06+00,
4.513962,51.942581,1373,2,2018/05/31 12:56:08+00,
4.514044,51.942593,1374,1.9,2018/05/31 12:56:09+00,
4.514449,51.942625,1375,2,2018/05/31 12:56:14+00,
4.514752,51.942635,1376,2,2018/05/31 12:56:18+00,
4.514826,51.942629,1377,2,2018/05/31 12:56:19+00,
4.514908,51.942629,1378,2,2018/05/31 12:56:20+00,
4.515069,51.942623,1379,2,2018/05/31 12:56:22+00,
4.515279,51.942614,1380,2.1,2018/05/31 12:56:25+00,
4.51548,51.942612,1381,2.3,2018/05/31 12:56:28+00,
4.515737,51.942599,1382,2.5,2018/05/31 12:56:32+00,
4.515904,51.942581,1383,2.7,2018/05/31 12:56:35+00,
4.516032,51.94256,1384,2.8,2018/05/31 12:56:37+00,
4.516199,51.942537,1385,3,2018/05/31 12:56:40+00,
4.516295,51.942497,1386,2.5,2018/05/31 12:56:42+00,
4.516342,51.942465,1387,2.1,2018/05/31 12:56:43+00,
4.516409,51.942386,1388,1.2,2018/05/31 12:56:45+00,
4.516432,51.942345,1389,0.8,2018/05/31 12:56:46+00,
4.516456,51.942303,1390,0.3,2018/05/31 12:56:47+00,
4.516491,51.942263,1391,0.1,2018/05/31 12:56:48+00,
4.516549,51.942174,1392,0.2,2018/05/31 12:56:50+00,
4.516608,51.942085,1393,0.3,2018/05/31 12:56:52+00,
4.516717,51.941957,1394,0.4,2018/05/31 12:56:55+00,
4.516832,51.941851,1395,0.4,2018/05/31 12:56:58+00,
4.517125,51.941683,1396,0.4,2018/05/31 12:57:04+00,
4.517238,51.941629,1397,0.4,2018/05/31 12:57:07+00,
4.517245,51.941622,1398,0.4,2018/05/31 12:57:08+00,